/home/yanglei/miniconda3/envs/stcocc/lib/python3.8/site-packages/torch/distributed/launch.py:180: FutureWarning: The module torch.distributed.launch is deprecated
and will be removed in future. Use torchrun.
Note that --use_env is set by default in torchrun.
If your script expects `--local_rank` argument to be set, please
change it to read from `os.environ['LOCAL_RANK']` instead. See 
https://pytorch.org/docs/stable/distributed.html#launch-utility for 
further instructions

  warnings.warn(
WARNING:torch.distributed.run:
*****************************************
Setting OMP_NUM_THREADS environment variable for each process to be 1 in default, to avoid your system being overloaded, please further tune the variable for optimal performance in your application as needed. 
*****************************************
/home/yanglei/miniconda3/envs/stcocc/lib/python3.8/site-packages/mmcv/__init__.py:20: UserWarning: On January 1, 2023, MMCV will release v2.0.0, in which it will remove components related to the training process and add a data transformation module. In addition, it will rename the package names mmcv to mmcv-lite and mmcv-full to mmcv. See https://github.com/open-mmlab/mmcv/blob/master/docs/en/compatibility.md for more details.
  warnings.warn(
/home/yanglei/miniconda3/envs/stcocc/lib/python3.8/site-packages/mmcv/__init__.py:20: UserWarning: On January 1, 2023, MMCV will release v2.0.0, in which it will remove components related to the training process and add a data transformation module. In addition, it will rename the package names mmcv to mmcv-lite and mmcv-full to mmcv. See https://github.com/open-mmlab/mmcv/blob/master/docs/en/compatibility.md for more details.
  warnings.warn(
/home/yanglei/miniconda3/envs/stcocc/lib/python3.8/site-packages/mmcv/__init__.py:20: UserWarning: On January 1, 2023, MMCV will release v2.0.0, in which it will remove components related to the training process and add a data transformation module. In addition, it will rename the package names mmcv to mmcv-lite and mmcv-full to mmcv. See https://github.com/open-mmlab/mmcv/blob/master/docs/en/compatibility.md for more details.
  warnings.warn(
/home/yanglei/miniconda3/envs/stcocc/lib/python3.8/site-packages/mmcv/__init__.py:20: UserWarning: On January 1, 2023, MMCV will release v2.0.0, in which it will remove components related to the training process and add a data transformation module. In addition, it will rename the package names mmcv to mmcv-lite and mmcv-full to mmcv. See https://github.com/open-mmlab/mmcv/blob/master/docs/en/compatibility.md for more details.
  warnings.warn(
/home/yanglei/miniconda3/envs/stcocc/lib/python3.8/site-packages/mmcv/__init__.py:20: UserWarning: On January 1, 2023, MMCV will release v2.0.0, in which it will remove components related to the training process and add a data transformation module. In addition, it will rename the package names mmcv to mmcv-lite and mmcv-full to mmcv. See https://github.com/open-mmlab/mmcv/blob/master/docs/en/compatibility.md for more details.
  warnings.warn(
/home/yanglei/miniconda3/envs/stcocc/lib/python3.8/site-packages/mmcv/__init__.py:20: UserWarning: On January 1, 2023, MMCV will release v2.0.0, in which it will remove components related to the training process and add a data transformation module. In addition, it will rename the package names mmcv to mmcv-lite and mmcv-full to mmcv. See https://github.com/open-mmlab/mmcv/blob/master/docs/en/compatibility.md for more details.
  warnings.warn(
/home/yanglei/miniconda3/envs/stcocc/lib/python3.8/site-packages/mmcv/__init__.py:20: UserWarning: On January 1, 2023, MMCV will release v2.0.0, in which it will remove components related to the training process and add a data transformation module. In addition, it will rename the package names mmcv to mmcv-lite and mmcv-full to mmcv. See https://github.com/open-mmlab/mmcv/blob/master/docs/en/compatibility.md for more details.
  warnings.warn(
/home/yanglei/miniconda3/envs/stcocc/lib/python3.8/site-packages/mmcv/__init__.py:20: UserWarning: On January 1, 2023, MMCV will release v2.0.0, in which it will remove components related to the training process and add a data transformation module. In addition, it will rename the package names mmcv to mmcv-lite and mmcv-full to mmcv. See https://github.com/open-mmlab/mmcv/blob/master/docs/en/compatibility.md for more details.
  warnings.warn(
Using /home/yanglei/.cache/torch_extensions/py38_cu116 as PyTorch extensions root...
Detected CUDA files, patching ldflags
Emitting ninja build file /home/yanglei/.cache/torch_extensions/py38_cu116/dvr/build.ninja...
Building extension module dvr...
Allowing ninja to set a default number of workers... (overridable by setting the environment variable MAX_JOBS=N)
ninja: no work to do.
Loading extension module dvr...
Using /home/yanglei/.cache/torch_extensions/py38_cu116 as PyTorch extensions root...
No modifications detected for re-loaded extension module dvr, skipping build step...
Loading extension module dvr...
Using /home/yanglei/.cache/torch_extensions/py38_cu116 as PyTorch extensions root...
Detected CUDA files, patching ldflags
Emitting ninja build file /home/yanglei/.cache/torch_extensions/py38_cu116/dvr/build.ninja...
Using /home/yanglei/.cache/torch_extensions/py38_cu116 as PyTorch extensions root...
Using /home/yanglei/.cache/torch_extensions/py38_cu116 as PyTorch extensions root...
Using /home/yanglei/.cache/torch_extensions/py38_cu116 as PyTorch extensions root...
Building extension module dvr...
Allowing ninja to set a default number of workers... (overridable by setting the environment variable MAX_JOBS=N)
Using /home/yanglei/.cache/torch_extensions/py38_cu116 as PyTorch extensions root...
ninja: no work to do.
Loading extension module dvr...
Using /home/yanglei/.cache/torch_extensions/py38_cu116 as PyTorch extensions root...
No modifications detected for re-loaded extension module dvr, skipping build step...
Loading extension module dvr...
Loading extension module dvr...
Using /home/yanglei/.cache/torch_extensions/py38_cu116 as PyTorch extensions root...
No modifications detected for re-loaded extension module dvr, skipping build step...
Loading extension module dvr...
Loading extension module dvr...
Using /home/yanglei/.cache/torch_extensions/py38_cu116 as PyTorch extensions root...
No modifications detected for re-loaded extension module dvr, skipping build step...
Loading extension module dvr...
Loading extension module dvr...
Using /home/yanglei/.cache/torch_extensions/py38_cu116 as PyTorch extensions root...
No modifications detected for re-loaded extension module dvr, skipping build step...
Loading extension module dvr...
Loading extension module dvr...
Using /home/yanglei/.cache/torch_extensions/py38_cu116 as PyTorch extensions root...
No modifications detected for re-loaded extension module dvr, skipping build step...
Loading extension module dvr...
Using /home/yanglei/.cache/torch_extensions/py38_cu116 as PyTorch extensions root...
Detected CUDA files, patching ldflags
Emitting ninja build file /home/yanglei/.cache/torch_extensions/py38_cu116/dvr/build.ninja...
Using /home/yanglei/.cache/torch_extensions/py38_cu116 as PyTorch extensions root...
Building extension module dvr...
Allowing ninja to set a default number of workers... (overridable by setting the environment variable MAX_JOBS=N)
ninja: no work to do.
Loading extension module dvr...
Using /home/yanglei/.cache/torch_extensions/py38_cu116 as PyTorch extensions root...
No modifications detected for re-loaded extension module dvr, skipping build step...
Loading extension module dvr...
Loading extension module dvr...
Using /home/yanglei/.cache/torch_extensions/py38_cu116 as PyTorch extensions root...
No modifications detected for re-loaded extension module dvr, skipping build step...
Loading extension module dvr...
2026-01-02 22:01:14,408 - mmdet - INFO - Environment info:
------------------------------------------------------------
sys.platform: linux
Python: 3.8.20 (default, Oct  3 2024, 15:24:27) [GCC 11.2.0]
CUDA available: True
GPU 0,1,2,3,4,5,6,7: NVIDIA GeForce RTX 4090
CUDA_HOME: /usr/local/cuda-11.8
NVCC: Cuda compilation tools, release 11.8, V11.8.89
GCC: gcc (Ubuntu 11.4.0-1ubuntu1~22.04.2) 11.4.0
PyTorch: 1.13.0+cu116
PyTorch compiling details: PyTorch built with:
  - GCC 9.3
  - C++ Version: 201402
  - Intel(R) Math Kernel Library Version 2020.0.0 Product Build 20191122 for Intel(R) 64 architecture applications
  - Intel(R) MKL-DNN v2.6.0 (Git Hash 52b5f107dd9cf10910aaa19cb47f3abf9b349815)
  - OpenMP 201511 (a.k.a. OpenMP 4.5)
  - LAPACK is enabled (usually provided by MKL)
  - NNPACK is enabled
  - CPU capability usage: AVX2
  - CUDA Runtime 11.6
  - NVCC architecture flags: -gencode;arch=compute_37,code=sm_37;-gencode;arch=compute_50,code=sm_50;-gencode;arch=compute_60,code=sm_60;-gencode;arch=compute_70,code=sm_70;-gencode;arch=compute_75,code=sm_75;-gencode;arch=compute_80,code=sm_80;-gencode;arch=compute_86,code=sm_86
  - CuDNN 8.3.2  (built against CUDA 11.5)
  - Magma 2.6.1
  - Build settings: BLAS_INFO=mkl, BUILD_TYPE=Release, CUDA_VERSION=11.6, CUDNN_VERSION=8.3.2, CXX_COMPILER=/opt/rh/devtoolset-9/root/usr/bin/c++, CXX_FLAGS= -fabi-version=11 -Wno-deprecated -fvisibility-inlines-hidden -DUSE_PTHREADPOOL -fopenmp -DNDEBUG -DUSE_KINETO -DUSE_FBGEMM -DUSE_QNNPACK -DUSE_PYTORCH_QNNPACK -DUSE_XNNPACK -DSYMBOLICATE_MOBILE_DEBUG_HANDLE -DEDGE_PROFILER_USE_KINETO -O2 -fPIC -Wno-narrowing -Wall -Wextra -Werror=return-type -Werror=non-virtual-dtor -Wno-missing-field-initializers -Wno-type-limits -Wno-array-bounds -Wno-unknown-pragmas -Wunused-local-typedefs -Wno-unused-parameter -Wno-unused-function -Wno-unused-result -Wno-strict-overflow -Wno-strict-aliasing -Wno-error=deprecated-declarations -Wno-stringop-overflow -Wno-psabi -Wno-error=pedantic -Wno-error=redundant-decls -Wno-error=old-style-cast -fdiagnostics-color=always -faligned-new -Wno-unused-but-set-variable -Wno-maybe-uninitialized -fno-math-errno -fno-trapping-math -Werror=format -Werror=cast-function-type -Wno-stringop-overflow, LAPACK_INFO=mkl, PERF_WITH_AVX=1, PERF_WITH_AVX2=1, PERF_WITH_AVX512=1, TORCH_VERSION=1.13.0, USE_CUDA=ON, USE_CUDNN=ON, USE_EXCEPTION_PTR=1, USE_GFLAGS=OFF, USE_GLOG=OFF, USE_MKL=ON, USE_MKLDNN=ON, USE_MPI=OFF, USE_NCCL=ON, USE_NNPACK=ON, USE_OPENMP=ON, USE_ROCM=OFF, 

TorchVision: 0.14.0+cu116
OpenCV: 4.12.0
MMCV: 1.7.0
MMCV Compiler: GCC 9.3
MMCV CUDA Compiler: 11.7
MMDetection: 2.28.2
MMSegmentation: 0.30.0
MMDetection3D: 1.0.0rc4+9e037d9
------------------------------------------------------------

2026-01-02 22:01:16,063 - mmdet - INFO - Distributed training: True
2026-01-02 22:01:17,684 - mmdet - INFO - Config:
point_cloud_range = [-70.4, -70.4, -4.8, 70.4, 70.4, 8.0]
class_names = [
    'car', 'truck', 'trailer', 'bus', 'construction_vehicle', 'bicycle',
    'motorcycle', 'pedestrian', 'traffic_cone', 'barrier'
]
dataset_type = 'NuScenesDatasetOccpancy'
data_root = 'data/nuscenes/'
input_modality = dict(
    use_lidar=False,
    use_camera=True,
    use_radar=False,
    use_map=False,
    use_external=False)
file_client_args = dict(backend='disk')
train_pipeline = [
    dict(
        type='PrepareImageInputs',
        is_train=True,
        data_config=dict(
            cams=['CAM_FRONT', 'CAM_RIGHT', 'CAM_BACK', 'CAM_RIGHT'],
            Ncams=4,
            input_size=(384, 704),
            src_size=(1080, 1920),
            resize=(-0.06, 0.11),
            rot=(-5.4, 5.4),
            flip=True,
            crop_h=(0.0, 0.0),
            resize_test=0.0),
        sequential=True),
    dict(type='LoadAnnotations'),
    dict(
        type='LoadOccGTFromFileCVPR2023',
        scale_1_2=True,
        scale_1_4=True,
        scale_1_8=True),
    dict(
        type='BEVAug',
        bda_aug_conf=dict(
            rot_lim=(0, 0),
            scale_lim=(1.0, 1.0),
            flip_dx_ratio=0.5,
            flip_dy_ratio=0.5),
        classes=[
            'others', 'barrier', 'bicycle', 'bus', 'car',
            'construction_vehicle', 'motorcycle', 'pedestrian', 'traffic_cone',
            'trailer', 'truck', 'driveable_surface', 'other_flat', 'sidewalk',
            'terrain', 'manmade', 'vegetation', 'free'
        ]),
    dict(
        type='LoadPointsFromFile',
        coord_type='LIDAR',
        load_dim=5,
        use_dim=3,
        file_client_args=dict(backend='disk')),
    dict(
        type='PointToMultiViewDepth',
        downsample=1,
        grid_config=dict(
            x=[-70.4, 70.4, 0.8],
            y=[-70.4, 70.4, 0.8],
            z=[-4.8, 8.0, 0.8],
            depth=[1.0, 75.0, 0.5])),
    dict(
        type='DefaultFormatBundle3D',
        class_names=[
            'others', 'barrier', 'bicycle', 'bus', 'car',
            'construction_vehicle', 'motorcycle', 'pedestrian', 'traffic_cone',
            'trailer', 'truck', 'driveable_surface', 'other_flat', 'sidewalk',
            'terrain', 'manmade', 'vegetation', 'free'
        ]),
    dict(
        type='Collect3D',
        keys=[
            'img_inputs', 'gt_depth', 'voxel_semantics', 'voxel_semantics_1_2',
            'voxel_semantics_1_4', 'voxel_semantics_1_8'
        ])
]
test_pipeline = [
    dict(
        type='PrepareImageInputs',
        data_config=dict(
            cams=['CAM_FRONT', 'CAM_RIGHT', 'CAM_BACK', 'CAM_RIGHT'],
            Ncams=4,
            input_size=(384, 704),
            src_size=(1080, 1920),
            resize=(-0.06, 0.11),
            rot=(-5.4, 5.4),
            flip=True,
            crop_h=(0.0, 0.0),
            resize_test=0.0),
        sequential=True),
    dict(type='LoadAnnotations'),
    dict(
        type='BEVAug',
        bda_aug_conf=dict(
            rot_lim=(0, 0),
            scale_lim=(1.0, 1.0),
            flip_dx_ratio=0.5,
            flip_dy_ratio=0.5),
        classes=[
            'others', 'barrier', 'bicycle', 'bus', 'car',
            'construction_vehicle', 'motorcycle', 'pedestrian', 'traffic_cone',
            'trailer', 'truck', 'driveable_surface', 'other_flat', 'sidewalk',
            'terrain', 'manmade', 'vegetation', 'free'
        ],
        is_train=False),
    dict(
        type='LoadPointsFromFile',
        coord_type='LIDAR',
        load_dim=5,
        use_dim=3,
        file_client_args=dict(backend='disk')),
    dict(
        type='MultiScaleFlipAug3D',
        img_scale=(384, 704),
        pts_scale_ratio=1,
        flip=False,
        transforms=[
            dict(
                type='DefaultFormatBundle3D',
                class_names=[
                    'others', 'barrier', 'bicycle', 'bus', 'car',
                    'construction_vehicle', 'motorcycle', 'pedestrian',
                    'traffic_cone', 'trailer', 'truck', 'driveable_surface',
                    'other_flat', 'sidewalk', 'terrain', 'manmade',
                    'vegetation', 'free'
                ],
                with_label=False),
            dict(type='Collect3D', keys=['points', 'img_inputs'])
        ])
]
eval_pipeline = [
    dict(
        type='LoadPointsFromFile',
        coord_type='LIDAR',
        load_dim=5,
        use_dim=5,
        file_client_args=dict(backend='disk')),
    dict(
        type='LoadPointsFromMultiSweeps',
        sweeps_num=10,
        file_client_args=dict(backend='disk')),
    dict(
        type='DefaultFormatBundle3D',
        class_names=[
            'car', 'truck', 'trailer', 'bus', 'construction_vehicle',
            'bicycle', 'motorcycle', 'pedestrian', 'traffic_cone', 'barrier'
        ],
        with_label=False),
    dict(type='Collect3D', keys=['points'])
]
data = dict(
    samples_per_gpu=1,
    workers_per_gpu=0,
    train=dict(
        type='NuScenesDatasetOccpancy',
        data_root='data/nuscenes/',
        ann_file='data/nuscenes/stcocc-nuscenes_infos_train.pkl',
        pipeline=[
            dict(
                type='PrepareImageInputs',
                is_train=True,
                data_config=dict(
                    cams=['CAM_FRONT', 'CAM_RIGHT', 'CAM_BACK', 'CAM_RIGHT'],
                    Ncams=4,
                    input_size=(384, 704),
                    src_size=(1080, 1920),
                    resize=(-0.06, 0.11),
                    rot=(-5.4, 5.4),
                    flip=True,
                    crop_h=(0.0, 0.0),
                    resize_test=0.0),
                sequential=True),
            dict(type='LoadAnnotations'),
            dict(
                type='LoadOccGTFromFileCVPR2023',
                scale_1_2=True,
                scale_1_4=True,
                scale_1_8=True),
            dict(
                type='BEVAug',
                bda_aug_conf=dict(
                    rot_lim=(0, 0),
                    scale_lim=(1.0, 1.0),
                    flip_dx_ratio=0.5,
                    flip_dy_ratio=0.5),
                classes=[
                    'others', 'barrier', 'bicycle', 'bus', 'car',
                    'construction_vehicle', 'motorcycle', 'pedestrian',
                    'traffic_cone', 'trailer', 'truck', 'driveable_surface',
                    'other_flat', 'sidewalk', 'terrain', 'manmade',
                    'vegetation', 'free'
                ]),
            dict(
                type='LoadPointsFromFile',
                coord_type='LIDAR',
                load_dim=5,
                use_dim=3,
                file_client_args=dict(backend='disk')),
            dict(
                type='PointToMultiViewDepth',
                downsample=1,
                grid_config=dict(
                    x=[-70.4, 70.4, 0.8],
                    y=[-70.4, 70.4, 0.8],
                    z=[-4.8, 8.0, 0.8],
                    depth=[1.0, 75.0, 0.5])),
            dict(
                type='DefaultFormatBundle3D',
                class_names=[
                    'others', 'barrier', 'bicycle', 'bus', 'car',
                    'construction_vehicle', 'motorcycle', 'pedestrian',
                    'traffic_cone', 'trailer', 'truck', 'driveable_surface',
                    'other_flat', 'sidewalk', 'terrain', 'manmade',
                    'vegetation', 'free'
                ]),
            dict(
                type='Collect3D',
                keys=[
                    'img_inputs', 'gt_depth', 'voxel_semantics',
                    'voxel_semantics_1_2', 'voxel_semantics_1_4',
                    'voxel_semantics_1_8'
                ])
        ],
        classes=[
            'others', 'barrier', 'bicycle', 'bus', 'car',
            'construction_vehicle', 'motorcycle', 'pedestrian', 'traffic_cone',
            'trailer', 'truck', 'driveable_surface', 'other_flat', 'sidewalk',
            'terrain', 'manmade', 'vegetation', 'free'
        ],
        modality=dict(
            use_lidar=False,
            use_camera=True,
            use_radar=False,
            use_map=False,
            use_external=False),
        test_mode=False,
        box_type_3d='LiDAR',
        use_valid_flag=True,
        sequences_split_num=1,
        use_sequence_group_flag=True,
        stereo=True,
        filter_empty_gt=False,
        img_info_prototype='bevdet4d',
        multi_adj_frame_id_cfg=(1, 3, 1),
        dataset_name='occ3d',
        eval_metric='miou',
        work_dir='stcocc_r50_704x256_16f_occ3d_36e',
        eval_show=True),
    val=dict(
        type='NuScenesDatasetOccpancy',
        data_root='data/nuscenes/',
        ann_file='data/nuscenes/stcocc-nuscenes_infos_val.pkl',
        pipeline=[
            dict(
                type='PrepareImageInputs',
                data_config=dict(
                    cams=['CAM_FRONT', 'CAM_RIGHT', 'CAM_BACK', 'CAM_RIGHT'],
                    Ncams=4,
                    input_size=(384, 704),
                    src_size=(1080, 1920),
                    resize=(-0.06, 0.11),
                    rot=(-5.4, 5.4),
                    flip=True,
                    crop_h=(0.0, 0.0),
                    resize_test=0.0),
                sequential=True),
            dict(type='LoadAnnotations'),
            dict(
                type='BEVAug',
                bda_aug_conf=dict(
                    rot_lim=(0, 0),
                    scale_lim=(1.0, 1.0),
                    flip_dx_ratio=0.5,
                    flip_dy_ratio=0.5),
                classes=[
                    'others', 'barrier', 'bicycle', 'bus', 'car',
                    'construction_vehicle', 'motorcycle', 'pedestrian',
                    'traffic_cone', 'trailer', 'truck', 'driveable_surface',
                    'other_flat', 'sidewalk', 'terrain', 'manmade',
                    'vegetation', 'free'
                ],
                is_train=False),
            dict(
                type='LoadPointsFromFile',
                coord_type='LIDAR',
                load_dim=5,
                use_dim=3,
                file_client_args=dict(backend='disk')),
            dict(
                type='MultiScaleFlipAug3D',
                img_scale=(384, 704),
                pts_scale_ratio=1,
                flip=False,
                transforms=[
                    dict(
                        type='DefaultFormatBundle3D',
                        class_names=[
                            'others', 'barrier', 'bicycle', 'bus', 'car',
                            'construction_vehicle', 'motorcycle', 'pedestrian',
                            'traffic_cone', 'trailer', 'truck',
                            'driveable_surface', 'other_flat', 'sidewalk',
                            'terrain', 'manmade', 'vegetation', 'free'
                        ],
                        with_label=False),
                    dict(type='Collect3D', keys=['points', 'img_inputs'])
                ])
        ],
        classes=[
            'others', 'barrier', 'bicycle', 'bus', 'car',
            'construction_vehicle', 'motorcycle', 'pedestrian', 'traffic_cone',
            'trailer', 'truck', 'driveable_surface', 'other_flat', 'sidewalk',
            'terrain', 'manmade', 'vegetation', 'free'
        ],
        modality=dict(
            use_lidar=False,
            use_camera=True,
            use_radar=False,
            use_map=False,
            use_external=False),
        test_mode=True,
        box_type_3d='LiDAR',
        stereo=True,
        filter_empty_gt=False,
        img_info_prototype='bevdet4d',
        multi_adj_frame_id_cfg=(1, 3, 1),
        use_sequence_group_flag=True,
        dataset_name='occ3d',
        eval_metric='miou',
        work_dir='stcocc_r50_704x256_16f_occ3d_36e',
        eval_show=True),
    test=dict(
        type='NuScenesDatasetOccpancy',
        data_root='data/nuscenes/',
        ann_file='data/nuscenes/stcocc-nuscenes_infos_val.pkl',
        pipeline=[
            dict(
                type='PrepareImageInputs',
                data_config=dict(
                    cams=['CAM_FRONT', 'CAM_RIGHT', 'CAM_BACK', 'CAM_RIGHT'],
                    Ncams=4,
                    input_size=(384, 704),
                    src_size=(1080, 1920),
                    resize=(-0.06, 0.11),
                    rot=(-5.4, 5.4),
                    flip=True,
                    crop_h=(0.0, 0.0),
                    resize_test=0.0),
                sequential=True),
            dict(type='LoadAnnotations'),
            dict(
                type='BEVAug',
                bda_aug_conf=dict(
                    rot_lim=(0, 0),
                    scale_lim=(1.0, 1.0),
                    flip_dx_ratio=0.5,
                    flip_dy_ratio=0.5),
                classes=[
                    'others', 'barrier', 'bicycle', 'bus', 'car',
                    'construction_vehicle', 'motorcycle', 'pedestrian',
                    'traffic_cone', 'trailer', 'truck', 'driveable_surface',
                    'other_flat', 'sidewalk', 'terrain', 'manmade',
                    'vegetation', 'free'
                ],
                is_train=False),
            dict(
                type='LoadPointsFromFile',
                coord_type='LIDAR',
                load_dim=5,
                use_dim=3,
                file_client_args=dict(backend='disk')),
            dict(
                type='MultiScaleFlipAug3D',
                img_scale=(384, 704),
                pts_scale_ratio=1,
                flip=False,
                transforms=[
                    dict(
                        type='DefaultFormatBundle3D',
                        class_names=[
                            'others', 'barrier', 'bicycle', 'bus', 'car',
                            'construction_vehicle', 'motorcycle', 'pedestrian',
                            'traffic_cone', 'trailer', 'truck',
                            'driveable_surface', 'other_flat', 'sidewalk',
                            'terrain', 'manmade', 'vegetation', 'free'
                        ],
                        with_label=False),
                    dict(type='Collect3D', keys=['points', 'img_inputs'])
                ])
        ],
        classes=[
            'others', 'barrier', 'bicycle', 'bus', 'car',
            'construction_vehicle', 'motorcycle', 'pedestrian', 'traffic_cone',
            'trailer', 'truck', 'driveable_surface', 'other_flat', 'sidewalk',
            'terrain', 'manmade', 'vegetation', 'free'
        ],
        modality=dict(
            use_lidar=False,
            use_camera=True,
            use_radar=False,
            use_map=False,
            use_external=False),
        test_mode=True,
        box_type_3d='LiDAR',
        stereo=True,
        filter_empty_gt=False,
        img_info_prototype='bevdet4d',
        multi_adj_frame_id_cfg=(1, 3, 1),
        use_sequence_group_flag=True,
        dataset_name='occ3d',
        eval_metric='miou',
        work_dir='stcocc_r50_704x256_16f_occ3d_36e',
        eval_show=True),
    test_dataloader=dict(runner_type='IterBasedRunnerEval'))
evaluation = dict(
    interval=24,
    pipeline=[
        dict(
            type='LoadPointsFromFile',
            coord_type='LIDAR',
            load_dim=5,
            use_dim=5,
            file_client_args=dict(backend='disk')),
        dict(
            type='LoadPointsFromMultiSweeps',
            sweeps_num=10,
            file_client_args=dict(backend='disk')),
        dict(
            type='DefaultFormatBundle3D',
            class_names=[
                'car', 'truck', 'trailer', 'bus', 'construction_vehicle',
                'bicycle', 'motorcycle', 'pedestrian', 'traffic_cone',
                'barrier'
            ],
            with_label=False),
        dict(type='Collect3D', keys=['points'])
    ])
checkpoint_config = dict(interval=696)
log_config = dict(
    interval=50,
    hooks=[dict(type='TextLoggerHook'),
           dict(type='TensorboardLoggerHook')])
dist_params = dict(backend='nccl')
log_level = 'INFO'
work_dir = './work_dirs/stcocc_r50_704x256_16f_occ3d_36e_v1'
load_from = 'pretrained/forward_projection-r50-4d-stereo-pretrained.pth'
resume_from = None
workflow = [('train', 1)]
opencv_num_threads = 0
mp_start_method = 'fork'
dataset_name = 'occ3d'
eval_metric = 'miou'
class_weights = [
    0.0727, 0.0692, 0.0838, 0.0681, 0.0601, 0.0741, 0.0823, 0.0688, 0.0773,
    0.0681, 0.0641, 0.0527, 0.0655, 0.0563, 0.0558, 0.0541, 0.0538, 0.0468
]
occ_class_names = [
    'others', 'barrier', 'bicycle', 'bus', 'car', 'construction_vehicle',
    'motorcycle', 'pedestrian', 'traffic_cone', 'trailer', 'truck',
    'driveable_surface', 'other_flat', 'sidewalk', 'terrain', 'manmade',
    'vegetation', 'free'
]
train_top_k = [3125, 625, 125]
val_top_k = [3125, 625, 125]
data_config = dict(
    cams=['CAM_FRONT', 'CAM_RIGHT', 'CAM_BACK', 'CAM_RIGHT'],
    Ncams=4,
    input_size=(384, 704),
    src_size=(1080, 1920),
    resize=(-0.06, 0.11),
    rot=(-5.4, 5.4),
    flip=True,
    crop_h=(0.0, 0.0),
    resize_test=0.0)
bda_aug_conf = dict(
    rot_lim=(0, 0), scale_lim=(1.0, 1.0), flip_dx_ratio=0.5, flip_dy_ratio=0.5)
train_sequences_split_num = 1
test_sequences_split_num = 1
num_gpus = 8
samples_per_gpu = 1
workers_per_gpu = 0
total_epoch = 20
num_iters_per_epoch = 696
grid_config = dict(
    x=[-70.4, 70.4, 0.8],
    y=[-70.4, 70.4, 0.8],
    z=[-4.8, 8.0, 0.8],
    depth=[1.0, 75.0, 0.5])
downsample_rate = 16
multi_adj_frame_id_cfg = (1, 3, 1)
forward_numC_Trans = 80
grid_config_bevformer = dict(
    x=[-70.4, 70.4, 0.8],
    y=[-70.4, 70.4, 0.8],
    z=[-4.8, 8.0, 0.8],
    depth=[1.0, 75.0, 0.5])
bev_h_ = 176
bev_w_ = 176
bev_z = 16
backward_num_layer = [2, 2, 2]
backward_numC_Trans = 96
_dim_ = 192
_pos_dim_ = 48
_ffn_dim_ = 384
_num_levels_ = 1
num_stage = 3
num_classes = 18
intermediate_pred_loss_weight = [1.0, 0.5, 0.25, 0.125]
history_frame_num = [16, 8, 4]
model = dict(
    type='STCOcc',
    num_stage=3,
    bev_w=176,
    bev_h=176,
    bev_z=16,
    train_top_k=[3125, 625, 125],
    val_top_k=[3125, 625, 125],
    class_weights=[
        0.0727, 0.0692, 0.0838, 0.0681, 0.0601, 0.0741, 0.0823, 0.0688, 0.0773,
        0.0681, 0.0641, 0.0527, 0.0655, 0.0563, 0.0558, 0.0541, 0.0538, 0.0468
    ],
    history_frame_num=[16, 8, 4],
    backward_num_layer=[2, 2, 2],
    empty_idx=17,
    intermediate_pred_loss_weight=[1.0, 0.5, 0.25, 0.125],
    save_results=False,
    forward_projection=dict(
        type='BEVDetStereoForwardProjection',
        align_after_view_transfromation=False,
        return_intermediate=True,
        num_adj=2,
        adjust_channel=96,
        img_backbone=dict(
            type='ResNet',
            depth=50,
            num_stages=4,
            out_indices=(0, 2, 3),
            frozen_stages=-1,
            norm_cfg=dict(type='BN', requires_grad=True),
            norm_eval=False,
            with_cp=True,
            style='pytorch'),
        img_neck=dict(
            type='CustomFPN',
            in_channels=[1024, 2048],
            out_channels=256,
            num_outs=1,
            start_level=0,
            out_ids=[0]),
        img_view_transformer=dict(
            type='LSSVStereoForwardPorjection',
            grid_config=dict(
                x=[-70.4, 70.4, 0.8],
                y=[-70.4, 70.4, 0.8],
                z=[-4.8, 8.0, 0.8],
                depth=[1.0, 75.0, 0.5]),
            input_size=(384, 704),
            in_channels=256,
            out_channels=80,
            sid=False,
            collapse_z=False,
            loss_depth_weight=0.5,
            depthnet_cfg=dict(
                use_dcn=False, aspp_mid_channels=96, stereo=True, bias=5.0),
            downsample=16),
        img_bev_encoder_backbone=dict(
            type='CustomResNet3D',
            numC_input=240,
            num_layer=[1, 2, 4],
            with_cp=False,
            num_channels=[96, 160, 320],
            adjust_number_channel=96,
            stride=[1, 2, 2],
            backbone_output_ids=[0, 1, 2])),
    backward_projection=dict(
        type='BEVFormerBackwardProjection',
        bev_h=176,
        bev_w=176,
        in_channels=96,
        out_channels=96,
        pc_range=[-70.4, -70.4, -4.8, 70.4, 70.4, 8.0],
        transformer=dict(
            type='BEVFormer',
            num_cams=4,
            use_cams_embeds=False,
            embed_dims=96,
            encoder=dict(
                type='BEVFormerEncoder',
                num_layers=2,
                use_temporal=True,
                pc_range=[-70.4, -70.4, -4.8, 70.4, 70.4, 8.0],
                grid_config=dict(
                    x=[-70.4, 70.4, 0.8],
                    y=[-70.4, 70.4, 0.8],
                    z=[-4.8, 8.0, 0.8],
                    depth=[1.0, 75.0, 0.5]),
                data_config=dict(
                    cams=['CAM_FRONT', 'CAM_RIGHT', 'CAM_BACK', 'CAM_RIGHT'],
                    Ncams=4,
                    input_size=(384, 704),
                    src_size=(1080, 1920),
                    resize=(-0.06, 0.11),
                    rot=(-5.4, 5.4),
                    flip=True,
                    crop_h=(0.0, 0.0),
                    resize_test=0.0),
                return_intermediate=False,
                predictor_in_channels=96,
                predictor_out_channels=96,
                predictor_num_calsses=18,
                transformerlayers=dict(
                    type='BEVFormerEncoderLayer',
                    attn_cfgs=[
                        dict(
                            type='OA_TemporalAttention',
                            num_points=16,
                            embed_dims=96,
                            dropout=0.0,
                            num_levels=1),
                        dict(
                            type='OA_SpatialCrossAttention',
                            pc_range=[-70.4, -70.4, -4.8, 70.4, 70.4, 8.0],
                            dbound=[1.0, 75.0, 0.5],
                            num_cams=4,
                            dropout=0.0,
                            foreground_idx=[1, 2, 3, 4, 5, 6, 7, 8, 9, 10],
                            deformable_attention=dict(
                                type='OA_MSDeformableAttention3D',
                                embed_dims=96,
                                num_points=16,
                                num_levels=1),
                            embed_dims=96)
                    ],
                    conv_cfgs=dict(embed_dims=96),
                    operation_order=('predictor', 'self_attn', 'norm',
                                     'cross_attn', 'norm', 'conv')))),
        positional_encoding=dict(
            type='CustormLearnedPositionalEncoding',
            num_feats=48,
            row_num_embed=176,
            col_num_embed=176)),
    temporal_fusion=dict(
        type='SparseFusion',
        history_num=1,
        single_bev_num_channels=96,
        num_classes=18,
        bev_w=176,
        bev_h=176,
        bev_z=16,
        foreground_idx=[1, 2, 3, 4, 5, 6, 7, 8, 9, 10]),
    occupancy_head=dict(
        type='OccHead', in_channels=96, out_channels=96, num_classes=18))
share_data_config = dict(
    type='NuScenesDatasetOccpancy',
    classes=[
        'others', 'barrier', 'bicycle', 'bus', 'car', 'construction_vehicle',
        'motorcycle', 'pedestrian', 'traffic_cone', 'trailer', 'truck',
        'driveable_surface', 'other_flat', 'sidewalk', 'terrain', 'manmade',
        'vegetation', 'free'
    ],
    modality=dict(
        use_lidar=False,
        use_camera=True,
        use_radar=False,
        use_map=False,
        use_external=False),
    stereo=True,
    filter_empty_gt=False,
    img_info_prototype='bevdet4d',
    multi_adj_frame_id_cfg=(1, 3, 1),
    use_sequence_group_flag=True,
    dataset_name='occ3d',
    eval_metric='miou',
    work_dir='stcocc_r50_704x256_16f_occ3d_36e',
    eval_show=True)
test_data_config = dict(
    pipeline=[
        dict(
            type='PrepareImageInputs',
            data_config=dict(
                cams=['CAM_FRONT', 'CAM_RIGHT', 'CAM_BACK', 'CAM_RIGHT'],
                Ncams=4,
                input_size=(384, 704),
                src_size=(1080, 1920),
                resize=(-0.06, 0.11),
                rot=(-5.4, 5.4),
                flip=True,
                crop_h=(0.0, 0.0),
                resize_test=0.0),
            sequential=True),
        dict(type='LoadAnnotations'),
        dict(
            type='BEVAug',
            bda_aug_conf=dict(
                rot_lim=(0, 0),
                scale_lim=(1.0, 1.0),
                flip_dx_ratio=0.5,
                flip_dy_ratio=0.5),
            classes=[
                'others', 'barrier', 'bicycle', 'bus', 'car',
                'construction_vehicle', 'motorcycle', 'pedestrian',
                'traffic_cone', 'trailer', 'truck', 'driveable_surface',
                'other_flat', 'sidewalk', 'terrain', 'manmade', 'vegetation',
                'free'
            ],
            is_train=False),
        dict(
            type='LoadPointsFromFile',
            coord_type='LIDAR',
            load_dim=5,
            use_dim=3,
            file_client_args=dict(backend='disk')),
        dict(
            type='MultiScaleFlipAug3D',
            img_scale=(384, 704),
            pts_scale_ratio=1,
            flip=False,
            transforms=[
                dict(
                    type='DefaultFormatBundle3D',
                    class_names=[
                        'others', 'barrier', 'bicycle', 'bus', 'car',
                        'construction_vehicle', 'motorcycle', 'pedestrian',
                        'traffic_cone', 'trailer', 'truck',
                        'driveable_surface', 'other_flat', 'sidewalk',
                        'terrain', 'manmade', 'vegetation', 'free'
                    ],
                    with_label=False),
                dict(type='Collect3D', keys=['points', 'img_inputs'])
            ])
    ],
    ann_file='data/nuscenes/stcocc-nuscenes_infos_val.pkl',
    type='NuScenesDatasetOccpancy',
    classes=[
        'others', 'barrier', 'bicycle', 'bus', 'car', 'construction_vehicle',
        'motorcycle', 'pedestrian', 'traffic_cone', 'trailer', 'truck',
        'driveable_surface', 'other_flat', 'sidewalk', 'terrain', 'manmade',
        'vegetation', 'free'
    ],
    modality=dict(
        use_lidar=False,
        use_camera=True,
        use_radar=False,
        use_map=False,
        use_external=False),
    stereo=True,
    filter_empty_gt=False,
    img_info_prototype='bevdet4d',
    multi_adj_frame_id_cfg=(1, 3, 1),
    use_sequence_group_flag=True,
    dataset_name='occ3d',
    eval_metric='miou',
    work_dir='stcocc_r50_704x256_16f_occ3d_36e',
    eval_show=True)
key = 'test'
lr = 0.0001
optimizer = dict(type='AdamW', lr=0.0001, weight_decay=0.01)
optimizer_config = dict(grad_clip=dict(max_norm=5, norm_type=2))
lr_config = dict(
    policy='step',
    warmup='linear',
    warmup_iters=200,
    warmup_ratio=0.001,
    step=[13920])
checkpoint_epoch_interval = 1
runner = dict(type='IterBasedRunner', max_iters=13920)
custom_hooks = [
    dict(
        type='MEGVIIEMAHook',
        init_updates=10560,
        priority='NORMAL',
        interval=1392)
]
revise_keys = None
gpu_ids = range(0, 8)

2026-01-02 22:01:17,684 - mmdet - INFO - Set random seed to 0, deterministic: False
/home/yanglei/miniconda3/envs/stcocc/lib/python3.8/site-packages/torch/functional.py:504: UserWarning: torch.meshgrid: in an upcoming release, it will be required to pass the indexing argument. (Triggered internally at ../aten/src/ATen/native/TensorShape.cpp:3190.)
  return _VF.meshgrid(tensors, **kwargs)  # type: ignore[attr-defined]
/home/yanglei/miniconda3/envs/stcocc/lib/python3.8/site-packages/torch/functional.py:504: UserWarning: torch.meshgrid: in an upcoming release, it will be required to pass the indexing argument. (Triggered internally at ../aten/src/ATen/native/TensorShape.cpp:3190.)
  return _VF.meshgrid(tensors, **kwargs)  # type: ignore[attr-defined]
/home/yanglei/miniconda3/envs/stcocc/lib/python3.8/site-packages/torch/functional.py:504: UserWarning: torch.meshgrid: in an upcoming release, it will be required to pass the indexing argument. (Triggered internally at ../aten/src/ATen/native/TensorShape.cpp:3190.)
  return _VF.meshgrid(tensors, **kwargs)  # type: ignore[attr-defined]
/home/yanglei/miniconda3/envs/stcocc/lib/python3.8/site-packages/torch/functional.py:504: UserWarning: torch.meshgrid: in an upcoming release, it will be required to pass the indexing argument. (Triggered internally at ../aten/src/ATen/native/TensorShape.cpp:3190.)
  return _VF.meshgrid(tensors, **kwargs)  # type: ignore[attr-defined]
/home/yanglei/miniconda3/envs/stcocc/lib/python3.8/site-packages/torch/functional.py:504: UserWarning: torch.meshgrid: in an upcoming release, it will be required to pass the indexing argument. (Triggered internally at ../aten/src/ATen/native/TensorShape.cpp:3190.)
  return _VF.meshgrid(tensors, **kwargs)  # type: ignore[attr-defined]
/home/yanglei/miniconda3/envs/stcocc/lib/python3.8/site-packages/torch/functional.py:504: UserWarning: torch.meshgrid: in an upcoming release, it will be required to pass the indexing argument. (Triggered internally at ../aten/src/ATen/native/TensorShape.cpp:3190.)
  return _VF.meshgrid(tensors, **kwargs)  # type: ignore[attr-defined]
/home/yanglei/miniconda3/envs/stcocc/lib/python3.8/site-packages/torch/functional.py:504: UserWarning: torch.meshgrid: in an upcoming release, it will be required to pass the indexing argument. (Triggered internally at ../aten/src/ATen/native/TensorShape.cpp:3190.)
  return _VF.meshgrid(tensors, **kwargs)  # type: ignore[attr-defined]
/home/yanglei/miniconda3/envs/stcocc/lib/python3.8/site-packages/torch/functional.py:504: UserWarning: torch.meshgrid: in an upcoming release, it will be required to pass the indexing argument. (Triggered internally at ../aten/src/ATen/native/TensorShape.cpp:3190.)
  return _VF.meshgrid(tensors, **kwargs)  # type: ignore[attr-defined]
/home/yanglei/STCOcc/mmdet3d/models/stcocc/view_transformation/backward_projection/bevformer_utils/base_transformer_layer.py:91: UserWarning: The arguments `feedforward_channels` in BaseTransformerLayer has been deprecated, now you should set `feedforward_channels` and other FFN related arguments to a dict named `ffn_cfgs`. 
  warnings.warn(
/home/yanglei/STCOcc/mmdet3d/models/stcocc/view_transformation/backward_projection/bevformer_utils/base_transformer_layer.py:91: UserWarning: The arguments `ffn_dropout` in BaseTransformerLayer has been deprecated, now you should set `ffn_drop` and other FFN related arguments to a dict named `ffn_cfgs`. 
  warnings.warn(
/home/yanglei/STCOcc/mmdet3d/models/stcocc/view_transformation/backward_projection/bevformer_utils/base_transformer_layer.py:91: UserWarning: The arguments `ffn_num_fcs` in BaseTransformerLayer has been deprecated, now you should set `num_fcs` and other FFN related arguments to a dict named `ffn_cfgs`. 
  warnings.warn(
/home/yanglei/STCOcc/mmdet3d/models/stcocc/view_transformation/backward_projection/bevformer_utils/temporal_self_attention.py:83: UserWarning: You'd better set embed_dims in MultiScaleDeformAttention to make the dimension of each attention head a power of 2 which is more efficient in our CUDA implementation.
  warnings.warn(
/home/yanglei/STCOcc/mmdet3d/models/stcocc/view_transformation/backward_projection/bevformer_utils/spatial_cross_attention.py:314: UserWarning: You'd better set embed_dims in MultiScaleDeformAttention to make the dimension of each attention head a power of 2 which is more efficient in our CUDA implementation.
  warnings.warn(
/home/yanglei/STCOcc/mmdet3d/models/stcocc/view_transformation/backward_projection/bevformer_utils/base_transformer_layer.py:91: UserWarning: The arguments `feedforward_channels` in BaseTransformerLayer has been deprecated, now you should set `feedforward_channels` and other FFN related arguments to a dict named `ffn_cfgs`. 
  warnings.warn(
/home/yanglei/STCOcc/mmdet3d/models/stcocc/view_transformation/backward_projection/bevformer_utils/base_transformer_layer.py:91: UserWarning: The arguments `ffn_dropout` in BaseTransformerLayer has been deprecated, now you should set `ffn_drop` and other FFN related arguments to a dict named `ffn_cfgs`. 
  warnings.warn(
/home/yanglei/STCOcc/mmdet3d/models/stcocc/view_transformation/backward_projection/bevformer_utils/base_transformer_layer.py:91: UserWarning: The arguments `ffn_num_fcs` in BaseTransformerLayer has been deprecated, now you should set `num_fcs` and other FFN related arguments to a dict named `ffn_cfgs`. 
  warnings.warn(
/home/yanglei/STCOcc/mmdet3d/models/stcocc/view_transformation/backward_projection/bevformer_utils/temporal_self_attention.py:83: UserWarning: You'd better set embed_dims in MultiScaleDeformAttention to make the dimension of each attention head a power of 2 which is more efficient in our CUDA implementation.
  warnings.warn(
/home/yanglei/STCOcc/mmdet3d/models/stcocc/view_transformation/backward_projection/bevformer_utils/spatial_cross_attention.py:314: UserWarning: You'd better set embed_dims in MultiScaleDeformAttention to make the dimension of each attention head a power of 2 which is more efficient in our CUDA implementation.
  warnings.warn(
Total params: 61.339228M
Trainable params: 61.339228M
Non-trainable params: 0.0M
/home/yanglei/STCOcc/mmdet3d/models/stcocc/view_transformation/backward_projection/bevformer_utils/base_transformer_layer.py:91: UserWarning: The arguments `feedforward_channels` in BaseTransformerLayer has been deprecated, now you should set `feedforward_channels` and other FFN related arguments to a dict named `ffn_cfgs`. 
  warnings.warn(
/home/yanglei/STCOcc/mmdet3d/models/stcocc/view_transformation/backward_projection/bevformer_utils/base_transformer_layer.py:91: UserWarning: The arguments `ffn_dropout` in BaseTransformerLayer has been deprecated, now you should set `ffn_drop` and other FFN related arguments to a dict named `ffn_cfgs`. 
  warnings.warn(
/home/yanglei/STCOcc/mmdet3d/models/stcocc/view_transformation/backward_projection/bevformer_utils/base_transformer_layer.py:91: UserWarning: The arguments `ffn_num_fcs` in BaseTransformerLayer has been deprecated, now you should set `num_fcs` and other FFN related arguments to a dict named `ffn_cfgs`. 
  warnings.warn(
/home/yanglei/STCOcc/mmdet3d/models/stcocc/view_transformation/backward_projection/bevformer_utils/temporal_self_attention.py:83: UserWarning: You'd better set embed_dims in MultiScaleDeformAttention to make the dimension of each attention head a power of 2 which is more efficient in our CUDA implementation.
  warnings.warn(
/home/yanglei/STCOcc/mmdet3d/models/stcocc/view_transformation/backward_projection/bevformer_utils/spatial_cross_attention.py:314: UserWarning: You'd better set embed_dims in MultiScaleDeformAttention to make the dimension of each attention head a power of 2 which is more efficient in our CUDA implementation.
  warnings.warn(
Total params: 61.339228M
Trainable params: 61.339228M
Non-trainable params: 0.0M
/home/yanglei/STCOcc/mmdet3d/models/stcocc/view_transformation/backward_projection/bevformer_utils/base_transformer_layer.py:91: UserWarning: The arguments `feedforward_channels` in BaseTransformerLayer has been deprecated, now you should set `feedforward_channels` and other FFN related arguments to a dict named `ffn_cfgs`. 
  warnings.warn(
/home/yanglei/STCOcc/mmdet3d/models/stcocc/view_transformation/backward_projection/bevformer_utils/base_transformer_layer.py:91: UserWarning: The arguments `ffn_dropout` in BaseTransformerLayer has been deprecated, now you should set `ffn_drop` and other FFN related arguments to a dict named `ffn_cfgs`. 
  warnings.warn(
/home/yanglei/STCOcc/mmdet3d/models/stcocc/view_transformation/backward_projection/bevformer_utils/base_transformer_layer.py:91: UserWarning: The arguments `ffn_num_fcs` in BaseTransformerLayer has been deprecated, now you should set `num_fcs` and other FFN related arguments to a dict named `ffn_cfgs`. 
  warnings.warn(
/home/yanglei/STCOcc/mmdet3d/models/stcocc/view_transformation/backward_projection/bevformer_utils/temporal_self_attention.py:83: UserWarning: You'd better set embed_dims in MultiScaleDeformAttention to make the dimension of each attention head a power of 2 which is more efficient in our CUDA implementation.
  warnings.warn(
/home/yanglei/STCOcc/mmdet3d/models/stcocc/view_transformation/backward_projection/bevformer_utils/spatial_cross_attention.py:314: UserWarning: You'd better set embed_dims in MultiScaleDeformAttention to make the dimension of each attention head a power of 2 which is more efficient in our CUDA implementation.
  warnings.warn(
/home/yanglei/STCOcc/mmdet3d/models/stcocc/view_transformation/backward_projection/bevformer_utils/base_transformer_layer.py:91: UserWarning: The arguments `feedforward_channels` in BaseTransformerLayer has been deprecated, now you should set `feedforward_channels` and other FFN related arguments to a dict named `ffn_cfgs`. 
  warnings.warn(
/home/yanglei/STCOcc/mmdet3d/models/stcocc/view_transformation/backward_projection/bevformer_utils/base_transformer_layer.py:91: UserWarning: The arguments `ffn_dropout` in BaseTransformerLayer has been deprecated, now you should set `ffn_drop` and other FFN related arguments to a dict named `ffn_cfgs`. 
  warnings.warn(
/home/yanglei/STCOcc/mmdet3d/models/stcocc/view_transformation/backward_projection/bevformer_utils/base_transformer_layer.py:91: UserWarning: The arguments `ffn_num_fcs` in BaseTransformerLayer has been deprecated, now you should set `num_fcs` and other FFN related arguments to a dict named `ffn_cfgs`. 
  warnings.warn(
/home/yanglei/STCOcc/mmdet3d/models/stcocc/view_transformation/backward_projection/bevformer_utils/temporal_self_attention.py:83: UserWarning: You'd better set embed_dims in MultiScaleDeformAttention to make the dimension of each attention head a power of 2 which is more efficient in our CUDA implementation.
  warnings.warn(
/home/yanglei/STCOcc/mmdet3d/models/stcocc/view_transformation/backward_projection/bevformer_utils/spatial_cross_attention.py:314: UserWarning: You'd better set embed_dims in MultiScaleDeformAttention to make the dimension of each attention head a power of 2 which is more efficient in our CUDA implementation.
  warnings.warn(
/home/yanglei/STCOcc/mmdet3d/models/stcocc/view_transformation/backward_projection/bevformer_utils/base_transformer_layer.py:91: UserWarning: The arguments `feedforward_channels` in BaseTransformerLayer has been deprecated, now you should set `feedforward_channels` and other FFN related arguments to a dict named `ffn_cfgs`. 
  warnings.warn(
/home/yanglei/STCOcc/mmdet3d/models/stcocc/view_transformation/backward_projection/bevformer_utils/base_transformer_layer.py:91: UserWarning: The arguments `ffn_dropout` in BaseTransformerLayer has been deprecated, now you should set `ffn_drop` and other FFN related arguments to a dict named `ffn_cfgs`. 
  warnings.warn(
/home/yanglei/STCOcc/mmdet3d/models/stcocc/view_transformation/backward_projection/bevformer_utils/base_transformer_layer.py:91: UserWarning: The arguments `ffn_num_fcs` in BaseTransformerLayer has been deprecated, now you should set `num_fcs` and other FFN related arguments to a dict named `ffn_cfgs`. 
  warnings.warn(
/home/yanglei/STCOcc/mmdet3d/models/stcocc/view_transformation/backward_projection/bevformer_utils/temporal_self_attention.py:83: UserWarning: You'd better set embed_dims in MultiScaleDeformAttention to make the dimension of each attention head a power of 2 which is more efficient in our CUDA implementation.
  warnings.warn(
/home/yanglei/STCOcc/mmdet3d/models/stcocc/view_transformation/backward_projection/bevformer_utils/spatial_cross_attention.py:314: UserWarning: You'd better set embed_dims in MultiScaleDeformAttention to make the dimension of each attention head a power of 2 which is more efficient in our CUDA implementation.
  warnings.warn(
Total params: 61.339228M
Trainable params: 61.339228M
Non-trainable params: 0.0M
/home/yanglei/STCOcc/mmdet3d/models/stcocc/view_transformation/backward_projection/bevformer_utils/base_transformer_layer.py:91: UserWarning: The arguments `feedforward_channels` in BaseTransformerLayer has been deprecated, now you should set `feedforward_channels` and other FFN related arguments to a dict named `ffn_cfgs`. 
  warnings.warn(
/home/yanglei/STCOcc/mmdet3d/models/stcocc/view_transformation/backward_projection/bevformer_utils/base_transformer_layer.py:91: UserWarning: The arguments `ffn_dropout` in BaseTransformerLayer has been deprecated, now you should set `ffn_drop` and other FFN related arguments to a dict named `ffn_cfgs`. 
  warnings.warn(
/home/yanglei/STCOcc/mmdet3d/models/stcocc/view_transformation/backward_projection/bevformer_utils/base_transformer_layer.py:91: UserWarning: The arguments `ffn_num_fcs` in BaseTransformerLayer has been deprecated, now you should set `num_fcs` and other FFN related arguments to a dict named `ffn_cfgs`. 
  warnings.warn(
/home/yanglei/STCOcc/mmdet3d/models/stcocc/view_transformation/backward_projection/bevformer_utils/temporal_self_attention.py:83: UserWarning: You'd better set embed_dims in MultiScaleDeformAttention to make the dimension of each attention head a power of 2 which is more efficient in our CUDA implementation.
  warnings.warn(
/home/yanglei/STCOcc/mmdet3d/models/stcocc/view_transformation/backward_projection/bevformer_utils/spatial_cross_attention.py:314: UserWarning: You'd better set embed_dims in MultiScaleDeformAttention to make the dimension of each attention head a power of 2 which is more efficient in our CUDA implementation.
  warnings.warn(
/home/yanglei/STCOcc/mmdet3d/models/stcocc/view_transformation/backward_projection/bevformer_utils/base_transformer_layer.py:91: UserWarning: The arguments `feedforward_channels` in BaseTransformerLayer has been deprecated, now you should set `feedforward_channels` and other FFN related arguments to a dict named `ffn_cfgs`. 
  warnings.warn(
/home/yanglei/STCOcc/mmdet3d/models/stcocc/view_transformation/backward_projection/bevformer_utils/base_transformer_layer.py:91: UserWarning: The arguments `ffn_dropout` in BaseTransformerLayer has been deprecated, now you should set `ffn_drop` and other FFN related arguments to a dict named `ffn_cfgs`. 
  warnings.warn(
/home/yanglei/STCOcc/mmdet3d/models/stcocc/view_transformation/backward_projection/bevformer_utils/base_transformer_layer.py:91: UserWarning: The arguments `ffn_num_fcs` in BaseTransformerLayer has been deprecated, now you should set `num_fcs` and other FFN related arguments to a dict named `ffn_cfgs`. 
  warnings.warn(
/home/yanglei/STCOcc/mmdet3d/models/stcocc/view_transformation/backward_projection/bevformer_utils/temporal_self_attention.py:83: UserWarning: You'd better set embed_dims in MultiScaleDeformAttention to make the dimension of each attention head a power of 2 which is more efficient in our CUDA implementation.
  warnings.warn(
/home/yanglei/STCOcc/mmdet3d/models/stcocc/view_transformation/backward_projection/bevformer_utils/spatial_cross_attention.py:314: UserWarning: You'd better set embed_dims in MultiScaleDeformAttention to make the dimension of each attention head a power of 2 which is more efficient in our CUDA implementation.
  warnings.warn(
2026-01-02 22:01:25,851 - mmdet - INFO - initialize ResNet with init_cfg [{'type': 'Kaiming', 'layer': 'Conv2d'}, {'type': 'Constant', 'val': 1, 'layer': ['_BatchNorm', 'GroupNorm']}]
2026-01-02 22:01:26,017 - mmdet - INFO - initialize Bottleneck with init_cfg {'type': 'Constant', 'val': 0, 'override': {'name': 'norm3'}}
Total params: 61.339228M
Trainable params: 61.339228M
Non-trainable params: 0.0M
2026-01-02 22:01:26,018 - mmdet - INFO - initialize Bottleneck with init_cfg {'type': 'Constant', 'val': 0, 'override': {'name': 'norm3'}}
2026-01-02 22:01:26,018 - mmdet - INFO - initialize Bottleneck with init_cfg {'type': 'Constant', 'val': 0, 'override': {'name': 'norm3'}}
2026-01-02 22:01:26,019 - mmdet - INFO - initialize Bottleneck with init_cfg {'type': 'Constant', 'val': 0, 'override': {'name': 'norm3'}}
2026-01-02 22:01:26,020 - mmdet - INFO - initialize Bottleneck with init_cfg {'type': 'Constant', 'val': 0, 'override': {'name': 'norm3'}}
2026-01-02 22:01:26,021 - mmdet - INFO - initialize Bottleneck with init_cfg {'type': 'Constant', 'val': 0, 'override': {'name': 'norm3'}}
2026-01-02 22:01:26,022 - mmdet - INFO - initialize Bottleneck with init_cfg {'type': 'Constant', 'val': 0, 'override': {'name': 'norm3'}}
2026-01-02 22:01:26,023 - mmdet - INFO - initialize Bottleneck with init_cfg {'type': 'Constant', 'val': 0, 'override': {'name': 'norm3'}}
2026-01-02 22:01:26,025 - mmdet - INFO - initialize Bottleneck with init_cfg {'type': 'Constant', 'val': 0, 'override': {'name': 'norm3'}}
2026-01-02 22:01:26,026 - mmdet - INFO - initialize Bottleneck with init_cfg {'type': 'Constant', 'val': 0, 'override': {'name': 'norm3'}}
2026-01-02 22:01:26,027 - mmdet - INFO - initialize Bottleneck with init_cfg {'type': 'Constant', 'val': 0, 'override': {'name': 'norm3'}}
2026-01-02 22:01:26,029 - mmdet - INFO - initialize Bottleneck with init_cfg {'type': 'Constant', 'val': 0, 'override': {'name': 'norm3'}}
2026-01-02 22:01:26,030 - mmdet - INFO - initialize Bottleneck with init_cfg {'type': 'Constant', 'val': 0, 'override': {'name': 'norm3'}}
2026-01-02 22:01:26,034 - mmdet - INFO - initialize Bottleneck with init_cfg {'type': 'Constant', 'val': 0, 'override': {'name': 'norm3'}}
2026-01-02 22:01:26,039 - mmdet - INFO - initialize Bottleneck with init_cfg {'type': 'Constant', 'val': 0, 'override': {'name': 'norm3'}}
2026-01-02 22:01:26,043 - mmdet - INFO - initialize Bottleneck with init_cfg {'type': 'Constant', 'val': 0, 'override': {'name': 'norm3'}}
2026-01-02 22:01:26,063 - mmdet - INFO - initialize CustomFPN with init_cfg {'type': 'Xavier', 'layer': 'Conv2d', 'distribution': 'uniform'}
Total params: 61.339228M
Trainable params: 61.339228M
Non-trainable params: 0.0M
Total params: 61.339228M
Trainable params: 61.339228M
Non-trainable params: 0.0M
2026-01-02 22:01:26,120 - mmdet - INFO - Model:
STCOcc(
  (flow_loss): L1Loss()
  (forward_projection): BEVDetStereoForwardProjection(
    (img_backbone): ResNet(
      (conv1): Conv2d(3, 64, kernel_size=(7, 7), stride=(2, 2), padding=(3, 3), bias=False)
      (bn1): BatchNorm2d(64, eps=1e-05, momentum=0.1, affine=True, track_running_stats=True)
      (relu): ReLU(inplace=True)
      (maxpool): MaxPool2d(kernel_size=3, stride=2, padding=1, dilation=1, ceil_mode=False)
      (layer1): ResLayer(
        (0): Bottleneck(
          (conv1): Conv2d(64, 64, kernel_size=(1, 1), stride=(1, 1), bias=False)
          (bn1): BatchNorm2d(64, eps=1e-05, momentum=0.1, affine=True, track_running_stats=True)
          (conv2): Conv2d(64, 64, kernel_size=(3, 3), stride=(1, 1), padding=(1, 1), bias=False)
          (bn2): BatchNorm2d(64, eps=1e-05, momentum=0.1, affine=True, track_running_stats=True)
          (conv3): Conv2d(64, 256, kernel_size=(1, 1), stride=(1, 1), bias=False)
          (bn3): BatchNorm2d(256, eps=1e-05, momentum=0.1, affine=True, track_running_stats=True)
          (relu): ReLU(inplace=True)
          (downsample): Sequential(
            (0): Conv2d(64, 256, kernel_size=(1, 1), stride=(1, 1), bias=False)
            (1): BatchNorm2d(256, eps=1e-05, momentum=0.1, affine=True, track_running_stats=True)
          )
        )
        init_cfg={'type': 'Constant', 'val': 0, 'override': {'name': 'norm3'}}
        (1): Bottleneck(
          (conv1): Conv2d(256, 64, kernel_size=(1, 1), stride=(1, 1), bias=False)
          (bn1): BatchNorm2d(64, eps=1e-05, momentum=0.1, affine=True, track_running_stats=True)
          (conv2): Conv2d(64, 64, kernel_size=(3, 3), stride=(1, 1), padding=(1, 1), bias=False)
          (bn2): BatchNorm2d(64, eps=1e-05, momentum=0.1, affine=True, track_running_stats=True)
          (conv3): Conv2d(64, 256, kernel_size=(1, 1), stride=(1, 1), bias=False)
          (bn3): BatchNorm2d(256, eps=1e-05, momentum=0.1, affine=True, track_running_stats=True)
          (relu): ReLU(inplace=True)
        )
        init_cfg={'type': 'Constant', 'val': 0, 'override': {'name': 'norm3'}}
        (2): Bottleneck(
          (conv1): Conv2d(256, 64, kernel_size=(1, 1), stride=(1, 1), bias=False)
          (bn1): BatchNorm2d(64, eps=1e-05, momentum=0.1, affine=True, track_running_stats=True)
          (conv2): Conv2d(64, 64, kernel_size=(3, 3), stride=(1, 1), padding=(1, 1), bias=False)
          (bn2): BatchNorm2d(64, eps=1e-05, momentum=0.1, affine=True, track_running_stats=True)
          (conv3): Conv2d(64, 256, kernel_size=(1, 1), stride=(1, 1), bias=False)
          (bn3): BatchNorm2d(256, eps=1e-05, momentum=0.1, affine=True, track_running_stats=True)
          (relu): ReLU(inplace=True)
        )
        init_cfg={'type': 'Constant', 'val': 0, 'override': {'name': 'norm3'}}
      )
      (layer2): ResLayer(
        (0): Bottleneck(
          (conv1): Conv2d(256, 128, kernel_size=(1, 1), stride=(1, 1), bias=False)
          (bn1): BatchNorm2d(128, eps=1e-05, momentum=0.1, affine=True, track_running_stats=True)
          (conv2): Conv2d(128, 128, kernel_size=(3, 3), stride=(2, 2), padding=(1, 1), bias=False)
          (bn2): BatchNorm2d(128, eps=1e-05, momentum=0.1, affine=True, track_running_stats=True)
          (conv3): Conv2d(128, 512, kernel_size=(1, 1), stride=(1, 1), bias=False)
          (bn3): BatchNorm2d(512, eps=1e-05, momentum=0.1, affine=True, track_running_stats=True)
          (relu): ReLU(inplace=True)
          (downsample): Sequential(
            (0): Conv2d(256, 512, kernel_size=(1, 1), stride=(2, 2), bias=False)
            (1): BatchNorm2d(512, eps=1e-05, momentum=0.1, affine=True, track_running_stats=True)
          )
        )
        init_cfg={'type': 'Constant', 'val': 0, 'override': {'name': 'norm3'}}
        (1): Bottleneck(
          (conv1): Conv2d(512, 128, kernel_size=(1, 1), stride=(1, 1), bias=False)
          (bn1): BatchNorm2d(128, eps=1e-05, momentum=0.1, affine=True, track_running_stats=True)
          (conv2): Conv2d(128, 128, kernel_size=(3, 3), stride=(1, 1), padding=(1, 1), bias=False)
          (bn2): BatchNorm2d(128, eps=1e-05, momentum=0.1, affine=True, track_running_stats=True)
          (conv3): Conv2d(128, 512, kernel_size=(1, 1), stride=(1, 1), bias=False)
          (bn3): BatchNorm2d(512, eps=1e-05, momentum=0.1, affine=True, track_running_stats=True)
          (relu): ReLU(inplace=True)
        )
        init_cfg={'type': 'Constant', 'val': 0, 'override': {'name': 'norm3'}}
        (2): Bottleneck(
          (conv1): Conv2d(512, 128, kernel_size=(1, 1), stride=(1, 1), bias=False)
          (bn1): BatchNorm2d(128, eps=1e-05, momentum=0.1, affine=True, track_running_stats=True)
          (conv2): Conv2d(128, 128, kernel_size=(3, 3), stride=(1, 1), padding=(1, 1), bias=False)
          (bn2): BatchNorm2d(128, eps=1e-05, momentum=0.1, affine=True, track_running_stats=True)
          (conv3): Conv2d(128, 512, kernel_size=(1, 1), stride=(1, 1), bias=False)
          (bn3): BatchNorm2d(512, eps=1e-05, momentum=0.1, affine=True, track_running_stats=True)
          (relu): ReLU(inplace=True)
        )
        init_cfg={'type': 'Constant', 'val': 0, 'override': {'name': 'norm3'}}
        (3): Bottleneck(
          (conv1): Conv2d(512, 128, kernel_size=(1, 1), stride=(1, 1), bias=False)
          (bn1): BatchNorm2d(128, eps=1e-05, momentum=0.1, affine=True, track_running_stats=True)
          (conv2): Conv2d(128, 128, kernel_size=(3, 3), stride=(1, 1), padding=(1, 1), bias=False)
          (bn2): BatchNorm2d(128, eps=1e-05, momentum=0.1, affine=True, track_running_stats=True)
          (conv3): Conv2d(128, 512, kernel_size=(1, 1), stride=(1, 1), bias=False)
          (bn3): BatchNorm2d(512, eps=1e-05, momentum=0.1, affine=True, track_running_stats=True)
          (relu): ReLU(inplace=True)
        )
        init_cfg={'type': 'Constant', 'val': 0, 'override': {'name': 'norm3'}}
      )
      (layer3): ResLayer(
        (0): Bottleneck(
          (conv1): Conv2d(512, 256, kernel_size=(1, 1), stride=(1, 1), bias=False)
          (bn1): BatchNorm2d(256, eps=1e-05, momentum=0.1, affine=True, track_running_stats=True)
          (conv2): Conv2d(256, 256, kernel_size=(3, 3), stride=(2, 2), padding=(1, 1), bias=False)
          (bn2): BatchNorm2d(256, eps=1e-05, momentum=0.1, affine=True, track_running_stats=True)
          (conv3): Conv2d(256, 1024, kernel_size=(1, 1), stride=(1, 1), bias=False)
          (bn3): BatchNorm2d(1024, eps=1e-05, momentum=0.1, affine=True, track_running_stats=True)
          (relu): ReLU(inplace=True)
          (downsample): Sequential(
            (0): Conv2d(512, 1024, kernel_size=(1, 1), stride=(2, 2), bias=False)
            (1): BatchNorm2d(1024, eps=1e-05, momentum=0.1, affine=True, track_running_stats=True)
          )
        )
        init_cfg={'type': 'Constant', 'val': 0, 'override': {'name': 'norm3'}}
        (1): Bottleneck(
          (conv1): Conv2d(1024, 256, kernel_size=(1, 1), stride=(1, 1), bias=False)
          (bn1): BatchNorm2d(256, eps=1e-05, momentum=0.1, affine=True, track_running_stats=True)
          (conv2): Conv2d(256, 256, kernel_size=(3, 3), stride=(1, 1), padding=(1, 1), bias=False)
          (bn2): BatchNorm2d(256, eps=1e-05, momentum=0.1, affine=True, track_running_stats=True)
          (conv3): Conv2d(256, 1024, kernel_size=(1, 1), stride=(1, 1), bias=False)
          (bn3): BatchNorm2d(1024, eps=1e-05, momentum=0.1, affine=True, track_running_stats=True)
          (relu): ReLU(inplace=True)
        )
        init_cfg={'type': 'Constant', 'val': 0, 'override': {'name': 'norm3'}}
        (2): Bottleneck(
          (conv1): Conv2d(1024, 256, kernel_size=(1, 1), stride=(1, 1), bias=False)
          (bn1): BatchNorm2d(256, eps=1e-05, momentum=0.1, affine=True, track_running_stats=True)
          (conv2): Conv2d(256, 256, kernel_size=(3, 3), stride=(1, 1), padding=(1, 1), bias=False)
          (bn2): BatchNorm2d(256, eps=1e-05, momentum=0.1, affine=True, track_running_stats=True)
          (conv3): Conv2d(256, 1024, kernel_size=(1, 1), stride=(1, 1), bias=False)
          (bn3): BatchNorm2d(1024, eps=1e-05, momentum=0.1, affine=True, track_running_stats=True)
          (relu): ReLU(inplace=True)
        )
        init_cfg={'type': 'Constant', 'val': 0, 'override': {'name': 'norm3'}}
        (3): Bottleneck(
          (conv1): Conv2d(1024, 256, kernel_size=(1, 1), stride=(1, 1), bias=False)
          (bn1): BatchNorm2d(256, eps=1e-05, momentum=0.1, affine=True, track_running_stats=True)
          (conv2): Conv2d(256, 256, kernel_size=(3, 3), stride=(1, 1), padding=(1, 1), bias=False)
          (bn2): BatchNorm2d(256, eps=1e-05, momentum=0.1, affine=True, track_running_stats=True)
          (conv3): Conv2d(256, 1024, kernel_size=(1, 1), stride=(1, 1), bias=False)
          (bn3): BatchNorm2d(1024, eps=1e-05, momentum=0.1, affine=True, track_running_stats=True)
          (relu): ReLU(inplace=True)
        )
        init_cfg={'type': 'Constant', 'val': 0, 'override': {'name': 'norm3'}}
        (4): Bottleneck(
          (conv1): Conv2d(1024, 256, kernel_size=(1, 1), stride=(1, 1), bias=False)
          (bn1): BatchNorm2d(256, eps=1e-05, momentum=0.1, affine=True, track_running_stats=True)
          (conv2): Conv2d(256, 256, kernel_size=(3, 3), stride=(1, 1), padding=(1, 1), bias=False)
          (bn2): BatchNorm2d(256, eps=1e-05, momentum=0.1, affine=True, track_running_stats=True)
          (conv3): Conv2d(256, 1024, kernel_size=(1, 1), stride=(1, 1), bias=False)
          (bn3): BatchNorm2d(1024, eps=1e-05, momentum=0.1, affine=True, track_running_stats=True)
          (relu): ReLU(inplace=True)
        )
        init_cfg={'type': 'Constant', 'val': 0, 'override': {'name': 'norm3'}}
        (5): Bottleneck(
          (conv1): Conv2d(1024, 256, kernel_size=(1, 1), stride=(1, 1), bias=False)
          (bn1): BatchNorm2d(256, eps=1e-05, momentum=0.1, affine=True, track_running_stats=True)
          (conv2): Conv2d(256, 256, kernel_size=(3, 3), stride=(1, 1), padding=(1, 1), bias=False)
          (bn2): BatchNorm2d(256, eps=1e-05, momentum=0.1, affine=True, track_running_stats=True)
          (conv3): Conv2d(256, 1024, kernel_size=(1, 1), stride=(1, 1), bias=False)
          (bn3): BatchNorm2d(1024, eps=1e-05, momentum=0.1, affine=True, track_running_stats=True)
          (relu): ReLU(inplace=True)
        )
        init_cfg={'type': 'Constant', 'val': 0, 'override': {'name': 'norm3'}}
      )
      (layer4): ResLayer(
        (0): Bottleneck(
          (conv1): Conv2d(1024, 512, kernel_size=(1, 1), stride=(1, 1), bias=False)
          (bn1): BatchNorm2d(512, eps=1e-05, momentum=0.1, affine=True, track_running_stats=True)
          (conv2): Conv2d(512, 512, kernel_size=(3, 3), stride=(2, 2), padding=(1, 1), bias=False)
          (bn2): BatchNorm2d(512, eps=1e-05, momentum=0.1, affine=True, track_running_stats=True)
          (conv3): Conv2d(512, 2048, kernel_size=(1, 1), stride=(1, 1), bias=False)
          (bn3): BatchNorm2d(2048, eps=1e-05, momentum=0.1, affine=True, track_running_stats=True)
          (relu): ReLU(inplace=True)
          (downsample): Sequential(
            (0): Conv2d(1024, 2048, kernel_size=(1, 1), stride=(2, 2), bias=False)
            (1): BatchNorm2d(2048, eps=1e-05, momentum=0.1, affine=True, track_running_stats=True)
          )
        )
        init_cfg={'type': 'Constant', 'val': 0, 'override': {'name': 'norm3'}}
        (1): Bottleneck(
          (conv1): Conv2d(2048, 512, kernel_size=(1, 1), stride=(1, 1), bias=False)
          (bn1): BatchNorm2d(512, eps=1e-05, momentum=0.1, affine=True, track_running_stats=True)
          (conv2): Conv2d(512, 512, kernel_size=(3, 3), stride=(1, 1), padding=(1, 1), bias=False)
          (bn2): BatchNorm2d(512, eps=1e-05, momentum=0.1, affine=True, track_running_stats=True)
          (conv3): Conv2d(512, 2048, kernel_size=(1, 1), stride=(1, 1), bias=False)
          (bn3): BatchNorm2d(2048, eps=1e-05, momentum=0.1, affine=True, track_running_stats=True)
          (relu): ReLU(inplace=True)
        )
        init_cfg={'type': 'Constant', 'val': 0, 'override': {'name': 'norm3'}}
        (2): Bottleneck(
          (conv1): Conv2d(2048, 512, kernel_size=(1, 1), stride=(1, 1), bias=False)
          (bn1): BatchNorm2d(512, eps=1e-05, momentum=0.1, affine=True, track_running_stats=True)
          (conv2): Conv2d(512, 512, kernel_size=(3, 3), stride=(1, 1), padding=(1, 1), bias=False)
          (bn2): BatchNorm2d(512, eps=1e-05, momentum=0.1, affine=True, track_running_stats=True)
          (conv3): Conv2d(512, 2048, kernel_size=(1, 1), stride=(1, 1), bias=False)
          (bn3): BatchNorm2d(2048, eps=1e-05, momentum=0.1, affine=True, track_running_stats=True)
          (relu): ReLU(inplace=True)
        )
        init_cfg={'type': 'Constant', 'val': 0, 'override': {'name': 'norm3'}}
      )
    )
    init_cfg=[{'type': 'Kaiming', 'layer': 'Conv2d'}, {'type': 'Constant', 'val': 1, 'layer': ['_BatchNorm', 'GroupNorm']}]
    (img_neck): CustomFPN(
      (lateral_convs): ModuleList(
        (0): ConvModule(
          (conv): Conv2d(1024, 256, kernel_size=(1, 1), stride=(1, 1))
        )
        (1): ConvModule(
          (conv): Conv2d(2048, 256, kernel_size=(1, 1), stride=(1, 1))
        )
      )
      (fpn_convs): ModuleList(
        (0): ConvModule(
          (conv): Conv2d(256, 256, kernel_size=(3, 3), stride=(1, 1), padding=(1, 1))
        )
      )
    )
    init_cfg={'type': 'Xavier', 'layer': 'Conv2d', 'distribution': 'uniform'}
    (img_view_transformer): LSSVStereoForwardPorjection(
      (depth_net): DepthNet(
        (reduce_conv): Sequential(
          (0): Conv2d(256, 256, kernel_size=(3, 3), stride=(1, 1), padding=(1, 1))
          (1): BatchNorm2d(256, eps=1e-05, momentum=0.1, affine=True, track_running_stats=True)
          (2): ReLU(inplace=True)
        )
        (context_conv): Conv2d(256, 80, kernel_size=(1, 1), stride=(1, 1))
        (bn): BatchNorm1d(27, eps=1e-05, momentum=0.1, affine=True, track_running_stats=True)
        (depth_mlp): Mlp(
          (fc1): Linear(in_features=27, out_features=256, bias=True)
          (act): ReLU()
          (drop1): Dropout(p=0.0, inplace=False)
          (fc2): Linear(in_features=256, out_features=256, bias=True)
          (drop2): Dropout(p=0.0, inplace=False)
        )
        (depth_se): SELayer(
          (conv_reduce): Conv2d(256, 256, kernel_size=(1, 1), stride=(1, 1))
          (act1): ReLU()
          (conv_expand): Conv2d(256, 256, kernel_size=(1, 1), stride=(1, 1))
          (gate): Sigmoid()
        )
        (context_mlp): Mlp(
          (fc1): Linear(in_features=27, out_features=256, bias=True)
          (act): ReLU()
          (drop1): Dropout(p=0.0, inplace=False)
          (fc2): Linear(in_features=256, out_features=256, bias=True)
          (drop2): Dropout(p=0.0, inplace=False)
        )
        (context_se): SELayer(
          (conv_reduce): Conv2d(256, 256, kernel_size=(1, 1), stride=(1, 1))
          (act1): ReLU()
          (conv_expand): Conv2d(256, 256, kernel_size=(1, 1), stride=(1, 1))
          (gate): Sigmoid()
        )
        (cost_volumn_net): Sequential(
          (0): Conv2d(148, 148, kernel_size=(3, 3), stride=(2, 2), padding=(1, 1))
          (1): BatchNorm2d(148, eps=1e-05, momentum=0.1, affine=True, track_running_stats=True)
          (2): Conv2d(148, 148, kernel_size=(3, 3), stride=(2, 2), padding=(1, 1))
          (3): BatchNorm2d(148, eps=1e-05, momentum=0.1, affine=True, track_running_stats=True)
        )
        (depth_conv): Sequential(
          (0): BasicBlock(
            (conv1): Conv2d(404, 256, kernel_size=(3, 3), stride=(1, 1), padding=(1, 1), bias=False)
            (bn1): BatchNorm2d(256, eps=1e-05, momentum=0.1, affine=True, track_running_stats=True)
            (conv2): Conv2d(256, 256, kernel_size=(3, 3), stride=(1, 1), padding=(1, 1), bias=False)
            (bn2): BatchNorm2d(256, eps=1e-05, momentum=0.1, affine=True, track_running_stats=True)
            (relu): ReLU(inplace=True)
            (downsample): Conv2d(404, 256, kernel_size=(1, 1), stride=(1, 1))
          )
          (1): BasicBlock(
            (conv1): Conv2d(256, 256, kernel_size=(3, 3), stride=(1, 1), padding=(1, 1), bias=False)
            (bn1): BatchNorm2d(256, eps=1e-05, momentum=0.1, affine=True, track_running_stats=True)
            (conv2): Conv2d(256, 256, kernel_size=(3, 3), stride=(1, 1), padding=(1, 1), bias=False)
            (bn2): BatchNorm2d(256, eps=1e-05, momentum=0.1, affine=True, track_running_stats=True)
            (relu): ReLU(inplace=True)
          )
          (2): BasicBlock(
            (conv1): Conv2d(256, 256, kernel_size=(3, 3), stride=(1, 1), padding=(1, 1), bias=False)
            (bn1): BatchNorm2d(256, eps=1e-05, momentum=0.1, affine=True, track_running_stats=True)
            (conv2): Conv2d(256, 256, kernel_size=(3, 3), stride=(1, 1), padding=(1, 1), bias=False)
            (bn2): BatchNorm2d(256, eps=1e-05, momentum=0.1, affine=True, track_running_stats=True)
            (relu): ReLU(inplace=True)
          )
          (3): ASPP(
            (aspp1): _ASPPModule(
              (atrous_conv): Conv2d(256, 96, kernel_size=(1, 1), stride=(1, 1), bias=False)
              (bn): BatchNorm2d(96, eps=1e-05, momentum=0.1, affine=True, track_running_stats=True)
              (relu): ReLU()
            )
            (aspp2): _ASPPModule(
              (atrous_conv): Conv2d(256, 96, kernel_size=(3, 3), stride=(1, 1), padding=(6, 6), dilation=(6, 6), bias=False)
              (bn): BatchNorm2d(96, eps=1e-05, momentum=0.1, affine=True, track_running_stats=True)
              (relu): ReLU()
            )
            (aspp3): _ASPPModule(
              (atrous_conv): Conv2d(256, 96, kernel_size=(3, 3), stride=(1, 1), padding=(12, 12), dilation=(12, 12), bias=False)
              (bn): BatchNorm2d(96, eps=1e-05, momentum=0.1, affine=True, track_running_stats=True)
              (relu): ReLU()
            )
            (aspp4): _ASPPModule(
              (atrous_conv): Conv2d(256, 96, kernel_size=(3, 3), stride=(1, 1), padding=(18, 18), dilation=(18, 18), bias=False)
              (bn): BatchNorm2d(96, eps=1e-05, momentum=0.1, affine=True, track_running_stats=True)
              (relu): ReLU()
            )
            (global_avg_pool): Sequential(
              (0): AdaptiveAvgPool2d(output_size=(1, 1))
              (1): Conv2d(256, 96, kernel_size=(1, 1), stride=(1, 1), bias=False)
              (2): BatchNorm2d(96, eps=1e-05, momentum=0.1, affine=True, track_running_stats=True)
              (3): ReLU()
            )
            (conv1): Conv2d(480, 256, kernel_size=(1, 1), stride=(1, 1), bias=False)
            (bn1): BatchNorm2d(256, eps=1e-05, momentum=0.1, affine=True, track_running_stats=True)
            (relu): ReLU()
            (dropout): Dropout(p=0.5, inplace=False)
          )
          (4): Conv2d(256, 148, kernel_size=(1, 1), stride=(1, 1))
        )
      )
    )
    (img_bev_encoder_backbone): CustomResNet3D(
      (layers): Sequential(
        (0): Sequential(
          (0): BasicBlock3D(
            (conv1): ConvModule(
              (conv): Conv3d(240, 96, kernel_size=(3, 3, 3), stride=(1, 1, 1), padding=(1, 1, 1), bias=False)
              (bn): BatchNorm3d(96, eps=1e-05, momentum=0.1, affine=True, track_running_stats=True)
              (activate): ReLU(inplace=True)
            )
            (conv2): ConvModule(
              (conv): Conv3d(96, 96, kernel_size=(3, 3, 3), stride=(1, 1, 1), padding=(1, 1, 1), bias=False)
              (bn): BatchNorm3d(96, eps=1e-05, momentum=0.1, affine=True, track_running_stats=True)
            )
            (downsample): ConvModule(
              (conv): Conv3d(240, 96, kernel_size=(3, 3, 3), stride=(1, 1, 1), padding=(1, 1, 1), bias=False)
              (bn): BatchNorm3d(96, eps=1e-05, momentum=0.1, affine=True, track_running_stats=True)
            )
            (relu): ReLU(inplace=True)
          )
        )
        (1): Sequential(
          (0): BasicBlock3D(
            (conv1): ConvModule(
              (conv): Conv3d(96, 160, kernel_size=(3, 3, 3), stride=(2, 2, 2), padding=(1, 1, 1), bias=False)
              (bn): BatchNorm3d(160, eps=1e-05, momentum=0.1, affine=True, track_running_stats=True)
              (activate): ReLU(inplace=True)
            )
            (conv2): ConvModule(
              (conv): Conv3d(160, 160, kernel_size=(3, 3, 3), stride=(1, 1, 1), padding=(1, 1, 1), bias=False)
              (bn): BatchNorm3d(160, eps=1e-05, momentum=0.1, affine=True, track_running_stats=True)
            )
            (downsample): ConvModule(
              (conv): Conv3d(96, 160, kernel_size=(3, 3, 3), stride=(2, 2, 2), padding=(1, 1, 1), bias=False)
              (bn): BatchNorm3d(160, eps=1e-05, momentum=0.1, affine=True, track_running_stats=True)
            )
            (relu): ReLU(inplace=True)
          )
          (1): BasicBlock3D(
            (conv1): ConvModule(
              (conv): Conv3d(160, 160, kernel_size=(3, 3, 3), stride=(1, 1, 1), padding=(1, 1, 1), bias=False)
              (bn): BatchNorm3d(160, eps=1e-05, momentum=0.1, affine=True, track_running_stats=True)
              (activate): ReLU(inplace=True)
            )
            (conv2): ConvModule(
              (conv): Conv3d(160, 160, kernel_size=(3, 3, 3), stride=(1, 1, 1), padding=(1, 1, 1), bias=False)
              (bn): BatchNorm3d(160, eps=1e-05, momentum=0.1, affine=True, track_running_stats=True)
            )
            (relu): ReLU(inplace=True)
          )
        )
        (2): Sequential(
          (0): BasicBlock3D(
            (conv1): ConvModule(
              (conv): Conv3d(160, 320, kernel_size=(3, 3, 3), stride=(2, 2, 2), padding=(1, 1, 1), bias=False)
              (bn): BatchNorm3d(320, eps=1e-05, momentum=0.1, affine=True, track_running_stats=True)
              (activate): ReLU(inplace=True)
            )
            (conv2): ConvModule(
              (conv): Conv3d(320, 320, kernel_size=(3, 3, 3), stride=(1, 1, 1), padding=(1, 1, 1), bias=False)
              (bn): BatchNorm3d(320, eps=1e-05, momentum=0.1, affine=True, track_running_stats=True)
            )
            (downsample): ConvModule(
              (conv): Conv3d(160, 320, kernel_size=(3, 3, 3), stride=(2, 2, 2), padding=(1, 1, 1), bias=False)
              (bn): BatchNorm3d(320, eps=1e-05, momentum=0.1, affine=True, track_running_stats=True)
            )
            (relu): ReLU(inplace=True)
          )
          (1): BasicBlock3D(
            (conv1): ConvModule(
              (conv): Conv3d(320, 320, kernel_size=(3, 3, 3), stride=(1, 1, 1), padding=(1, 1, 1), bias=False)
              (bn): BatchNorm3d(320, eps=1e-05, momentum=0.1, affine=True, track_running_stats=True)
              (activate): ReLU(inplace=True)
            )
            (conv2): ConvModule(
              (conv): Conv3d(320, 320, kernel_size=(3, 3, 3), stride=(1, 1, 1), padding=(1, 1, 1), bias=False)
              (bn): BatchNorm3d(320, eps=1e-05, momentum=0.1, affine=True, track_running_stats=True)
            )
            (relu): ReLU(inplace=True)
          )
          (2): BasicBlock3D(
            (conv1): ConvModule(
              (conv): Conv3d(320, 320, kernel_size=(3, 3, 3), stride=(1, 1, 1), padding=(1, 1, 1), bias=False)
              (bn): BatchNorm3d(320, eps=1e-05, momentum=0.1, affine=True, track_running_stats=True)
              (activate): ReLU(inplace=True)
            )
            (conv2): ConvModule(
              (conv): Conv3d(320, 320, kernel_size=(3, 3, 3), stride=(1, 1, 1), padding=(1, 1, 1), bias=False)
              (bn): BatchNorm3d(320, eps=1e-05, momentum=0.1, affine=True, track_running_stats=True)
            )
            (relu): ReLU(inplace=True)
          )
          (3): BasicBlock3D(
            (conv1): ConvModule(
              (conv): Conv3d(320, 320, kernel_size=(3, 3, 3), stride=(1, 1, 1), padding=(1, 1, 1), bias=False)
              (bn): BatchNorm3d(320, eps=1e-05, momentum=0.1, affine=True, track_running_stats=True)
              (activate): ReLU(inplace=True)
            )
            (conv2): ConvModule(
              (conv): Conv3d(320, 320, kernel_size=(3, 3, 3), stride=(1, 1, 1), padding=(1, 1, 1), bias=False)
              (bn): BatchNorm3d(320, eps=1e-05, momentum=0.1, affine=True, track_running_stats=True)
            )
            (relu): ReLU(inplace=True)
          )
        )
      )
      (adjust_layer): ModuleList(
        (0): ConvModule(
          (conv): Conv3d(160, 96, kernel_size=(1, 1, 1), stride=(1, 1, 1), bias=False)
          (bn): BatchNorm3d(96, eps=1e-05, momentum=0.1, affine=True, track_running_stats=True)
          (activate): ReLU(inplace=True)
        )
        (1): ConvModule(
          (conv): Conv3d(320, 96, kernel_size=(1, 1, 1), stride=(1, 1, 1), bias=False)
          (bn): BatchNorm3d(96, eps=1e-05, momentum=0.1, affine=True, track_running_stats=True)
          (activate): ReLU(inplace=True)
        )
      )
    )
    (adjust_channel_conv): Conv2d(80, 96, kernel_size=(1, 1), stride=(1, 1))
  )
  (backward_projection_list): ModuleList(
    (0): BEVFormerBackwardProjection(
      (positional_encoding): CustormLearnedPositionalEncoding(num_feats=48, row_num_embed=176, col_num_embed=176)
      (transformer): BEVFormer(
        (encoder): BEVFormerEncoder(
          (layers): ModuleList(
            (0): BEVFormerEncoderLayer(
              (attentions): ModuleList(
                (0): OA_TemporalAttention(
                  (dropout): Dropout(p=0.0, inplace=False)
                  (sampling_offsets): Linear(in_features=193, out_features=512, bias=True)
                  (attention_weights): Linear(in_features=192, out_features=256, bias=True)
                  (value_proj): Linear(in_features=96, out_features=96, bias=True)
                  (output_proj): Linear(in_features=96, out_features=96, bias=True)
                )
                (1): OA_SpatialCrossAttention(
                  (dropout): Dropout(p=0.0, inplace=False)
                  (deformable_attention): OA_MSDeformableAttention3D(
                    (sampling_offsets): Linear(in_features=97, out_features=256, bias=True)
                    (attention_weights): Linear(in_features=96, out_features=128, bias=True)
                    (value_proj): Linear(in_features=96, out_features=96, bias=True)
                  )
                  (output_proj): Linear(in_features=96, out_features=96, bias=True)
                )
              )
              (ffns): ModuleList()
              (convs): ModuleList(
                (0): BasicBlock(
                  (conv1): Conv2d(96, 96, kernel_size=(3, 3), stride=(1, 1), padding=(1, 1), bias=False)
                  (bn1): BatchNorm2d(96, eps=1e-05, momentum=0.1, affine=True, track_running_stats=True)
                  (conv2): Conv2d(96, 96, kernel_size=(3, 3), stride=(1, 1), padding=(1, 1), bias=False)
                  (bn2): BatchNorm2d(96, eps=1e-05, momentum=0.1, affine=True, track_running_stats=True)
                  (relu): ReLU(inplace=True)
                )
              )
              (norms): ModuleList(
                (0): LayerNorm((96,), eps=1e-05, elementwise_affine=True)
                (1): LayerNorm((96,), eps=1e-05, elementwise_affine=True)
              )
            )
            (1): BEVFormerEncoderLayer(
              (attentions): ModuleList(
                (0): OA_TemporalAttention(
                  (dropout): Dropout(p=0.0, inplace=False)
                  (sampling_offsets): Linear(in_features=193, out_features=512, bias=True)
                  (attention_weights): Linear(in_features=192, out_features=256, bias=True)
                  (value_proj): Linear(in_features=96, out_features=96, bias=True)
                  (output_proj): Linear(in_features=96, out_features=96, bias=True)
                )
                (1): OA_SpatialCrossAttention(
                  (dropout): Dropout(p=0.0, inplace=False)
                  (deformable_attention): OA_MSDeformableAttention3D(
                    (sampling_offsets): Linear(in_features=97, out_features=256, bias=True)
                    (attention_weights): Linear(in_features=96, out_features=128, bias=True)
                    (value_proj): Linear(in_features=96, out_features=96, bias=True)
                  )
                  (output_proj): Linear(in_features=96, out_features=96, bias=True)
                )
              )
              (ffns): ModuleList()
              (convs): ModuleList(
                (0): BasicBlock(
                  (conv1): Conv2d(96, 96, kernel_size=(3, 3), stride=(1, 1), padding=(1, 1), bias=False)
                  (bn1): BatchNorm2d(96, eps=1e-05, momentum=0.1, affine=True, track_running_stats=True)
                  (conv2): Conv2d(96, 96, kernel_size=(3, 3), stride=(1, 1), padding=(1, 1), bias=False)
                  (bn2): BatchNorm2d(96, eps=1e-05, momentum=0.1, affine=True, track_running_stats=True)
                  (relu): ReLU(inplace=True)
                )
              )
              (norms): ModuleList(
                (0): LayerNorm((96,), eps=1e-05, elementwise_affine=True)
                (1): LayerNorm((96,), eps=1e-05, elementwise_affine=True)
              )
            )
          )
          (occ_predictor): OccPredictor(
            (bev_conv): BasicBlock(
              (conv1): Conv2d(96, 96, kernel_size=(3, 3), stride=(1, 1), padding=(1, 1), bias=False)
              (bn1): BatchNorm2d(96, eps=1e-05, momentum=0.1, affine=True, track_running_stats=True)
              (conv2): Conv2d(96, 96, kernel_size=(3, 3), stride=(1, 1), padding=(1, 1), bias=False)
              (bn2): BatchNorm2d(96, eps=1e-05, momentum=0.1, affine=True, track_running_stats=True)
              (relu): ReLU(inplace=True)
            )
            (predicter): Sequential(
              (0): Linear(in_features=96, out_features=192, bias=True)
              (1): Softplus(beta=1, threshold=20)
              (2): Linear(in_features=192, out_features=288, bias=True)
            )
          )
        )
      )
    )
    (1): BEVFormerBackwardProjection(
      (positional_encoding): CustormLearnedPositionalEncoding(num_feats=48, row_num_embed=88, col_num_embed=88)
      (transformer): BEVFormer(
        (encoder): BEVFormerEncoder(
          (layers): ModuleList(
            (0): BEVFormerEncoderLayer(
              (attentions): ModuleList(
                (0): OA_TemporalAttention(
                  (dropout): Dropout(p=0.0, inplace=False)
                  (sampling_offsets): Linear(in_features=193, out_features=256, bias=True)
                  (attention_weights): Linear(in_features=192, out_features=128, bias=True)
                  (value_proj): Linear(in_features=96, out_features=96, bias=True)
                  (output_proj): Linear(in_features=96, out_features=96, bias=True)
                )
                (1): OA_SpatialCrossAttention(
                  (dropout): Dropout(p=0.0, inplace=False)
                  (deformable_attention): OA_MSDeformableAttention3D(
                    (sampling_offsets): Linear(in_features=97, out_features=128, bias=True)
                    (attention_weights): Linear(in_features=96, out_features=64, bias=True)
                    (value_proj): Linear(in_features=96, out_features=96, bias=True)
                  )
                  (output_proj): Linear(in_features=96, out_features=96, bias=True)
                )
              )
              (ffns): ModuleList()
              (convs): ModuleList(
                (0): BasicBlock(
                  (conv1): Conv2d(96, 96, kernel_size=(3, 3), stride=(1, 1), padding=(1, 1), bias=False)
                  (bn1): BatchNorm2d(96, eps=1e-05, momentum=0.1, affine=True, track_running_stats=True)
                  (conv2): Conv2d(96, 96, kernel_size=(3, 3), stride=(1, 1), padding=(1, 1), bias=False)
                  (bn2): BatchNorm2d(96, eps=1e-05, momentum=0.1, affine=True, track_running_stats=True)
                  (relu): ReLU(inplace=True)
                )
              )
              (norms): ModuleList(
                (0): LayerNorm((96,), eps=1e-05, elementwise_affine=True)
                (1): LayerNorm((96,), eps=1e-05, elementwise_affine=True)
              )
            )
            (1): BEVFormerEncoderLayer(
              (attentions): ModuleList(
                (0): OA_TemporalAttention(
                  (dropout): Dropout(p=0.0, inplace=False)
                  (sampling_offsets): Linear(in_features=193, out_features=256, bias=True)
                  (attention_weights): Linear(in_features=192, out_features=128, bias=True)
                  (value_proj): Linear(in_features=96, out_features=96, bias=True)
                  (output_proj): Linear(in_features=96, out_features=96, bias=True)
                )
                (1): OA_SpatialCrossAttention(
                  (dropout): Dropout(p=0.0, inplace=False)
                  (deformable_attention): OA_MSDeformableAttention3D(
                    (sampling_offsets): Linear(in_features=97, out_features=128, bias=True)
                    (attention_weights): Linear(in_features=96, out_features=64, bias=True)
                    (value_proj): Linear(in_features=96, out_features=96, bias=True)
                  )
                  (output_proj): Linear(in_features=96, out_features=96, bias=True)
                )
              )
              (ffns): ModuleList()
              (convs): ModuleList(
                (0): BasicBlock(
                  (conv1): Conv2d(96, 96, kernel_size=(3, 3), stride=(1, 1), padding=(1, 1), bias=False)
                  (bn1): BatchNorm2d(96, eps=1e-05, momentum=0.1, affine=True, track_running_stats=True)
                  (conv2): Conv2d(96, 96, kernel_size=(3, 3), stride=(1, 1), padding=(1, 1), bias=False)
                  (bn2): BatchNorm2d(96, eps=1e-05, momentum=0.1, affine=True, track_running_stats=True)
                  (relu): ReLU(inplace=True)
                )
              )
              (norms): ModuleList(
                (0): LayerNorm((96,), eps=1e-05, elementwise_affine=True)
                (1): LayerNorm((96,), eps=1e-05, elementwise_affine=True)
              )
            )
          )
          (occ_predictor): OccPredictor(
            (bev_conv): BasicBlock(
              (conv1): Conv2d(96, 96, kernel_size=(3, 3), stride=(1, 1), padding=(1, 1), bias=False)
              (bn1): BatchNorm2d(96, eps=1e-05, momentum=0.1, affine=True, track_running_stats=True)
              (conv2): Conv2d(96, 96, kernel_size=(3, 3), stride=(1, 1), padding=(1, 1), bias=False)
              (bn2): BatchNorm2d(96, eps=1e-05, momentum=0.1, affine=True, track_running_stats=True)
              (relu): ReLU(inplace=True)
            )
            (predicter): Sequential(
              (0): Linear(in_features=96, out_features=192, bias=True)
              (1): Softplus(beta=1, threshold=20)
              (2): Linear(in_features=192, out_features=144, bias=True)
            )
          )
        )
      )
    )
    (2): BEVFormerBackwardProjection(
      (positional_encoding): CustormLearnedPositionalEncoding(num_feats=48, row_num_embed=44, col_num_embed=44)
      (transformer): BEVFormer(
        (encoder): BEVFormerEncoder(
          (layers): ModuleList(
            (0): BEVFormerEncoderLayer(
              (attentions): ModuleList(
                (0): OA_TemporalAttention(
                  (dropout): Dropout(p=0.0, inplace=False)
                  (sampling_offsets): Linear(in_features=193, out_features=128, bias=True)
                  (attention_weights): Linear(in_features=192, out_features=64, bias=True)
                  (value_proj): Linear(in_features=96, out_features=96, bias=True)
                  (output_proj): Linear(in_features=96, out_features=96, bias=True)
                )
                (1): OA_SpatialCrossAttention(
                  (dropout): Dropout(p=0.0, inplace=False)
                  (deformable_attention): OA_MSDeformableAttention3D(
                    (sampling_offsets): Linear(in_features=97, out_features=64, bias=True)
                    (attention_weights): Linear(in_features=96, out_features=32, bias=True)
                    (value_proj): Linear(in_features=96, out_features=96, bias=True)
                  )
                  (output_proj): Linear(in_features=96, out_features=96, bias=True)
                )
              )
              (ffns): ModuleList()
              (convs): ModuleList(
                (0): BasicBlock(
                  (conv1): Conv2d(96, 96, kernel_size=(3, 3), stride=(1, 1), padding=(1, 1), bias=False)
                  (bn1): BatchNorm2d(96, eps=1e-05, momentum=0.1, affine=True, track_running_stats=True)
                  (conv2): Conv2d(96, 96, kernel_size=(3, 3), stride=(1, 1), padding=(1, 1), bias=False)
                  (bn2): BatchNorm2d(96, eps=1e-05, momentum=0.1, affine=True, track_running_stats=True)
                  (relu): ReLU(inplace=True)
                )
              )
              (norms): ModuleList(
                (0): LayerNorm((96,), eps=1e-05, elementwise_affine=True)
                (1): LayerNorm((96,), eps=1e-05, elementwise_affine=True)
              )
            )
            (1): BEVFormerEncoderLayer(
              (attentions): ModuleList(
                (0): OA_TemporalAttention(
                  (dropout): Dropout(p=0.0, inplace=False)
                  (sampling_offsets): Linear(in_features=193, out_features=128, bias=True)
                  (attention_weights): Linear(in_features=192, out_features=64, bias=True)
                  (value_proj): Linear(in_features=96, out_features=96, bias=True)
                  (output_proj): Linear(in_features=96, out_features=96, bias=True)
                )
                (1): OA_SpatialCrossAttention(
                  (dropout): Dropout(p=0.0, inplace=False)
                  (deformable_attention): OA_MSDeformableAttention3D(
                    (sampling_offsets): Linear(in_features=97, out_features=64, bias=True)
                    (attention_weights): Linear(in_features=96, out_features=32, bias=True)
                    (value_proj): Linear(in_features=96, out_features=96, bias=True)
                  )
                  (output_proj): Linear(in_features=96, out_features=96, bias=True)
                )
              )
              (ffns): ModuleList()
              (convs): ModuleList(
                (0): BasicBlock(
                  (conv1): Conv2d(96, 96, kernel_size=(3, 3), stride=(1, 1), padding=(1, 1), bias=False)
                  (bn1): BatchNorm2d(96, eps=1e-05, momentum=0.1, affine=True, track_running_stats=True)
                  (conv2): Conv2d(96, 96, kernel_size=(3, 3), stride=(1, 1), padding=(1, 1), bias=False)
                  (bn2): BatchNorm2d(96, eps=1e-05, momentum=0.1, affine=True, track_running_stats=True)
                  (relu): ReLU(inplace=True)
                )
              )
              (norms): ModuleList(
                (0): LayerNorm((96,), eps=1e-05, elementwise_affine=True)
                (1): LayerNorm((96,), eps=1e-05, elementwise_affine=True)
              )
            )
          )
          (occ_predictor): OccPredictor(
            (bev_conv): BasicBlock(
              (conv1): Conv2d(96, 96, kernel_size=(3, 3), stride=(1, 1), padding=(1, 1), bias=False)
              (bn1): BatchNorm2d(96, eps=1e-05, momentum=0.1, affine=True, track_running_stats=True)
              (conv2): Conv2d(96, 96, kernel_size=(3, 3), stride=(1, 1), padding=(1, 1), bias=False)
              (bn2): BatchNorm2d(96, eps=1e-05, momentum=0.1, affine=True, track_running_stats=True)
              (relu): ReLU(inplace=True)
            )
            (predicter): Sequential(
              (0): Linear(in_features=96, out_features=192, bias=True)
              (1): Softplus(beta=1, threshold=20)
              (2): Linear(in_features=192, out_features=72, bias=True)
            )
          )
        )
      )
    )
  )
  (temporal_fusion_list): ModuleList(
    (0): SparseFusion(
      (occ_embedding): Sequential(
        (0): Linear(in_features=18, out_features=32, bias=True)
        (1): Softplus(beta=1, threshold=20)
        (2): Linear(in_features=32, out_features=32, bias=True)
      )
      (history_fusion_linear): Sequential(
        (0): Linear(in_features=1664, out_features=96, bias=True)
        (1): Softplus(beta=1, threshold=20)
        (2): Linear(in_features=96, out_features=96, bias=True)
      )
      (history_fusion_bg_linear): Sequential(
        (0): Linear(in_features=896, out_features=96, bias=True)
        (1): Softplus(beta=1, threshold=20)
        (2): Linear(in_features=96, out_features=96, bias=True)
      )
    )
    (1): SparseFusion(
      (occ_embedding): Sequential(
        (0): Linear(in_features=18, out_features=32, bias=True)
        (1): Softplus(beta=1, threshold=20)
        (2): Linear(in_features=32, out_features=32, bias=True)
      )
      (history_fusion_linear): Sequential(
        (0): Linear(in_features=896, out_features=96, bias=True)
        (1): Softplus(beta=1, threshold=20)
        (2): Linear(in_features=96, out_features=96, bias=True)
      )
      (history_fusion_bg_linear): Sequential(
        (0): Linear(in_features=512, out_features=96, bias=True)
        (1): Softplus(beta=1, threshold=20)
        (2): Linear(in_features=96, out_features=96, bias=True)
      )
    )
    (2): SparseFusion(
      (occ_embedding): Sequential(
        (0): Linear(in_features=18, out_features=32, bias=True)
        (1): Softplus(beta=1, threshold=20)
        (2): Linear(in_features=32, out_features=32, bias=True)
      )
      (history_fusion_linear): Sequential(
        (0): Linear(in_features=512, out_features=96, bias=True)
        (1): Softplus(beta=1, threshold=20)
        (2): Linear(in_features=96, out_features=96, bias=True)
      )
      (history_fusion_bg_linear): Sequential(
        (0): Linear(in_features=320, out_features=96, bias=True)
        (1): Softplus(beta=1, threshold=20)
        (2): Linear(in_features=96, out_features=96, bias=True)
      )
    )
  )
  (occupancy_head): OccHead(
    (voxel_conv): BasicBlock3D(
      (conv1): ConvModule(
        (conv): Conv3d(96, 96, kernel_size=(3, 3, 3), stride=(1, 1, 1), padding=(1, 1, 1), bias=False)
        (bn): BatchNorm3d(96, eps=1e-05, momentum=0.1, affine=True, track_running_stats=True)
        (activate): ReLU(inplace=True)
      )
      (conv2): ConvModule(
        (conv): Conv3d(96, 96, kernel_size=(3, 3, 3), stride=(1, 1, 1), padding=(1, 1, 1), bias=False)
        (bn): BatchNorm3d(96, eps=1e-05, momentum=0.1, affine=True, track_running_stats=True)
      )
      (relu): ReLU(inplace=True)
    )
    (predicter): Sequential(
      (0): Linear(in_features=96, out_features=192, bias=True)
      (1): Softplus(beta=1, threshold=20)
      (2): Linear(in_features=192, out_features=18, bias=True)
    )
  )
)
Total params: 61.339228M
Trainable params: 61.339228M
Non-trainable params: 0.0M
Total params: 61.339228M
Trainable params: 61.339228M
Non-trainable params: 0.0M
2026-01-02 22:01:30,257 - mmdet - INFO - load checkpoint from local path: pretrained/forward_projection-r50-4d-stereo-pretrained.pth
2026-01-02 22:01:30,966 - mmdet - WARNING - The model and loaded state dict do not match exactly

size mismatch for forward_projection.img_view_transformer.depth_net.cost_volumn_net.0.weight: copying a param with shape torch.Size([59, 59, 3, 3]) from checkpoint, the shape in current model is torch.Size([148, 148, 3, 3]).
size mismatch for forward_projection.img_view_transformer.depth_net.cost_volumn_net.0.bias: copying a param with shape torch.Size([59]) from checkpoint, the shape in current model is torch.Size([148]).
size mismatch for forward_projection.img_view_transformer.depth_net.cost_volumn_net.1.weight: copying a param with shape torch.Size([59]) from checkpoint, the shape in current model is torch.Size([148]).
size mismatch for forward_projection.img_view_transformer.depth_net.cost_volumn_net.1.bias: copying a param with shape torch.Size([59]) from checkpoint, the shape in current model is torch.Size([148]).
size mismatch for forward_projection.img_view_transformer.depth_net.cost_volumn_net.1.running_mean: copying a param with shape torch.Size([59]) from checkpoint, the shape in current model is torch.Size([148]).
size mismatch for forward_projection.img_view_transformer.depth_net.cost_volumn_net.1.running_var: copying a param with shape torch.Size([59]) from checkpoint, the shape in current model is torch.Size([148]).
size mismatch for forward_projection.img_view_transformer.depth_net.cost_volumn_net.2.weight: copying a param with shape torch.Size([59, 59, 3, 3]) from checkpoint, the shape in current model is torch.Size([148, 148, 3, 3]).
size mismatch for forward_projection.img_view_transformer.depth_net.cost_volumn_net.2.bias: copying a param with shape torch.Size([59]) from checkpoint, the shape in current model is torch.Size([148]).
size mismatch for forward_projection.img_view_transformer.depth_net.cost_volumn_net.3.weight: copying a param with shape torch.Size([59]) from checkpoint, the shape in current model is torch.Size([148]).
size mismatch for forward_projection.img_view_transformer.depth_net.cost_volumn_net.3.bias: copying a param with shape torch.Size([59]) from checkpoint, the shape in current model is torch.Size([148]).
size mismatch for forward_projection.img_view_transformer.depth_net.cost_volumn_net.3.running_mean: copying a param with shape torch.Size([59]) from checkpoint, the shape in current model is torch.Size([148]).
size mismatch for forward_projection.img_view_transformer.depth_net.cost_volumn_net.3.running_var: copying a param with shape torch.Size([59]) from checkpoint, the shape in current model is torch.Size([148]).
size mismatch for forward_projection.img_view_transformer.depth_net.depth_conv.0.conv1.weight: copying a param with shape torch.Size([256, 315, 3, 3]) from checkpoint, the shape in current model is torch.Size([256, 404, 3, 3]).
size mismatch for forward_projection.img_view_transformer.depth_net.depth_conv.0.downsample.weight: copying a param with shape torch.Size([256, 315, 1, 1]) from checkpoint, the shape in current model is torch.Size([256, 404, 1, 1]).
size mismatch for forward_projection.img_view_transformer.depth_net.depth_conv.4.weight: copying a param with shape torch.Size([59, 256, 1, 1]) from checkpoint, the shape in current model is torch.Size([148, 256, 1, 1]).
size mismatch for forward_projection.img_view_transformer.depth_net.depth_conv.4.bias: copying a param with shape torch.Size([59]) from checkpoint, the shape in current model is torch.Size([148]).
unexpected key in source state_dict: forward_projection.pts_bbox_head.shared_conv.conv.weight, forward_projection.pts_bbox_head.shared_conv.bn.weight, forward_projection.pts_bbox_head.shared_conv.bn.bias, forward_projection.pts_bbox_head.shared_conv.bn.running_mean, forward_projection.pts_bbox_head.shared_conv.bn.running_var, forward_projection.pts_bbox_head.shared_conv.bn.num_batches_tracked, forward_projection.pts_bbox_head.task_heads.0.reg.0.conv.weight, forward_projection.pts_bbox_head.task_heads.0.reg.0.bn.weight, forward_projection.pts_bbox_head.task_heads.0.reg.0.bn.bias, forward_projection.pts_bbox_head.task_heads.0.reg.0.bn.running_mean, forward_projection.pts_bbox_head.task_heads.0.reg.0.bn.running_var, forward_projection.pts_bbox_head.task_heads.0.reg.0.bn.num_batches_tracked, forward_projection.pts_bbox_head.task_heads.0.reg.1.weight, forward_projection.pts_bbox_head.task_heads.0.reg.1.bias, forward_projection.pts_bbox_head.task_heads.0.height.0.conv.weight, forward_projection.pts_bbox_head.task_heads.0.height.0.bn.weight, forward_projection.pts_bbox_head.task_heads.0.height.0.bn.bias, forward_projection.pts_bbox_head.task_heads.0.height.0.bn.running_mean, forward_projection.pts_bbox_head.task_heads.0.height.0.bn.running_var, forward_projection.pts_bbox_head.task_heads.0.height.0.bn.num_batches_tracked, forward_projection.pts_bbox_head.task_heads.0.height.1.weight, forward_projection.pts_bbox_head.task_heads.0.height.1.bias, forward_projection.pts_bbox_head.task_heads.0.dim.0.conv.weight, forward_projection.pts_bbox_head.task_heads.0.dim.0.bn.weight, forward_projection.pts_bbox_head.task_heads.0.dim.0.bn.bias, forward_projection.pts_bbox_head.task_heads.0.dim.0.bn.running_mean, forward_projection.pts_bbox_head.task_heads.0.dim.0.bn.running_var, forward_projection.pts_bbox_head.task_heads.0.dim.0.bn.num_batches_tracked, forward_projection.pts_bbox_head.task_heads.0.dim.1.weight, forward_projection.pts_bbox_head.task_heads.0.dim.1.bias, forward_projection.pts_bbox_head.task_heads.0.rot.0.conv.weight, forward_projection.pts_bbox_head.task_heads.0.rot.0.bn.weight, forward_projection.pts_bbox_head.task_heads.0.rot.0.bn.bias, forward_projection.pts_bbox_head.task_heads.0.rot.0.bn.running_mean, forward_projection.pts_bbox_head.task_heads.0.rot.0.bn.running_var, forward_projection.pts_bbox_head.task_heads.0.rot.0.bn.num_batches_tracked, forward_projection.pts_bbox_head.task_heads.0.rot.1.weight, forward_projection.pts_bbox_head.task_heads.0.rot.1.bias, forward_projection.pts_bbox_head.task_heads.0.vel.0.conv.weight, forward_projection.pts_bbox_head.task_heads.0.vel.0.bn.weight, forward_projection.pts_bbox_head.task_heads.0.vel.0.bn.bias, forward_projection.pts_bbox_head.task_heads.0.vel.0.bn.running_mean, forward_projection.pts_bbox_head.task_heads.0.vel.0.bn.running_var, forward_projection.pts_bbox_head.task_heads.0.vel.0.bn.num_batches_tracked, forward_projection.pts_bbox_head.task_heads.0.vel.1.weight, forward_projection.pts_bbox_head.task_heads.0.vel.1.bias, forward_projection.pts_bbox_head.task_heads.0.heatmap.0.conv.weight, forward_projection.pts_bbox_head.task_heads.0.heatmap.0.bn.weight, forward_projection.pts_bbox_head.task_heads.0.heatmap.0.bn.bias, forward_projection.pts_bbox_head.task_heads.0.heatmap.0.bn.running_mean, forward_projection.pts_bbox_head.task_heads.0.heatmap.0.bn.running_var, forward_projection.pts_bbox_head.task_heads.0.heatmap.0.bn.num_batches_tracked, forward_projection.pts_bbox_head.task_heads.0.heatmap.1.weight, forward_projection.pts_bbox_head.task_heads.0.heatmap.1.bias, forward_projection.img_bev_encoder_neck.conv.0.weight, forward_projection.img_bev_encoder_neck.conv.1.weight, forward_projection.img_bev_encoder_neck.conv.1.bias, forward_projection.img_bev_encoder_neck.conv.1.running_mean, forward_projection.img_bev_encoder_neck.conv.1.running_var, forward_projection.img_bev_encoder_neck.conv.1.num_batches_tracked, forward_projection.img_bev_encoder_neck.conv.3.weight, forward_projection.img_bev_encoder_neck.conv.4.weight, forward_projection.img_bev_encoder_neck.conv.4.bias, forward_projection.img_bev_encoder_neck.conv.4.running_mean, forward_projection.img_bev_encoder_neck.conv.4.running_var, forward_projection.img_bev_encoder_neck.conv.4.num_batches_tracked, forward_projection.img_bev_encoder_neck.up2.1.weight, forward_projection.img_bev_encoder_neck.up2.2.weight, forward_projection.img_bev_encoder_neck.up2.2.bias, forward_projection.img_bev_encoder_neck.up2.2.running_mean, forward_projection.img_bev_encoder_neck.up2.2.running_var, forward_projection.img_bev_encoder_neck.up2.2.num_batches_tracked, forward_projection.img_bev_encoder_neck.up2.4.weight, forward_projection.img_bev_encoder_neck.up2.4.bias, forward_projection.pre_process_net.layers.0.0.conv1.weight, forward_projection.pre_process_net.layers.0.0.bn1.weight, forward_projection.pre_process_net.layers.0.0.bn1.bias, forward_projection.pre_process_net.layers.0.0.bn1.running_mean, forward_projection.pre_process_net.layers.0.0.bn1.running_var, forward_projection.pre_process_net.layers.0.0.bn1.num_batches_tracked, forward_projection.pre_process_net.layers.0.0.conv2.weight, forward_projection.pre_process_net.layers.0.0.bn2.weight, forward_projection.pre_process_net.layers.0.0.bn2.bias, forward_projection.pre_process_net.layers.0.0.bn2.running_mean, forward_projection.pre_process_net.layers.0.0.bn2.running_var, forward_projection.pre_process_net.layers.0.0.bn2.num_batches_tracked, forward_projection.pre_process_net.layers.0.0.downsample.weight, forward_projection.pre_process_net.layers.0.0.downsample.bias, forward_projection.pre_process_net.layers.0.1.conv1.weight, forward_projection.pre_process_net.layers.0.1.bn1.weight, forward_projection.pre_process_net.layers.0.1.bn1.bias, forward_projection.pre_process_net.layers.0.1.bn1.running_mean, forward_projection.pre_process_net.layers.0.1.bn1.running_var, forward_projection.pre_process_net.layers.0.1.bn1.num_batches_tracked, forward_projection.pre_process_net.layers.0.1.conv2.weight, forward_projection.pre_process_net.layers.0.1.bn2.weight, forward_projection.pre_process_net.layers.0.1.bn2.bias, forward_projection.pre_process_net.layers.0.1.bn2.running_mean, forward_projection.pre_process_net.layers.0.1.bn2.running_var, forward_projection.pre_process_net.layers.0.1.bn2.num_batches_tracked, forward_projection.img_bev_encoder_backbone.layers.0.1.conv1.weight, forward_projection.img_bev_encoder_backbone.layers.0.1.bn1.weight, forward_projection.img_bev_encoder_backbone.layers.0.1.bn1.bias, forward_projection.img_bev_encoder_backbone.layers.0.1.bn1.running_mean, forward_projection.img_bev_encoder_backbone.layers.0.1.bn1.running_var, forward_projection.img_bev_encoder_backbone.layers.0.1.bn1.num_batches_tracked, forward_projection.img_bev_encoder_backbone.layers.0.1.conv2.weight, forward_projection.img_bev_encoder_backbone.layers.0.1.bn2.weight, forward_projection.img_bev_encoder_backbone.layers.0.1.bn2.bias, forward_projection.img_bev_encoder_backbone.layers.0.1.bn2.running_mean, forward_projection.img_bev_encoder_backbone.layers.0.1.bn2.running_var, forward_projection.img_bev_encoder_backbone.layers.0.1.bn2.num_batches_tracked, forward_projection.img_bev_encoder_backbone.layers.0.0.bn1.weight, forward_projection.img_bev_encoder_backbone.layers.0.0.bn1.bias, forward_projection.img_bev_encoder_backbone.layers.0.0.bn1.running_mean, forward_projection.img_bev_encoder_backbone.layers.0.0.bn1.running_var, forward_projection.img_bev_encoder_backbone.layers.0.0.bn1.num_batches_tracked, forward_projection.img_bev_encoder_backbone.layers.0.0.bn2.weight, forward_projection.img_bev_encoder_backbone.layers.0.0.bn2.bias, forward_projection.img_bev_encoder_backbone.layers.0.0.bn2.running_mean, forward_projection.img_bev_encoder_backbone.layers.0.0.bn2.running_var, forward_projection.img_bev_encoder_backbone.layers.0.0.bn2.num_batches_tracked, forward_projection.img_bev_encoder_backbone.layers.0.0.conv1.weight, forward_projection.img_bev_encoder_backbone.layers.0.0.conv2.weight, forward_projection.img_bev_encoder_backbone.layers.0.0.downsample.weight, forward_projection.img_bev_encoder_backbone.layers.0.0.downsample.bias, forward_projection.img_bev_encoder_backbone.layers.1.0.bn1.weight, forward_projection.img_bev_encoder_backbone.layers.1.0.bn1.bias, forward_projection.img_bev_encoder_backbone.layers.1.0.bn1.running_mean, forward_projection.img_bev_encoder_backbone.layers.1.0.bn1.running_var, forward_projection.img_bev_encoder_backbone.layers.1.0.bn1.num_batches_tracked, forward_projection.img_bev_encoder_backbone.layers.1.0.bn2.weight, forward_projection.img_bev_encoder_backbone.layers.1.0.bn2.bias, forward_projection.img_bev_encoder_backbone.layers.1.0.bn2.running_mean, forward_projection.img_bev_encoder_backbone.layers.1.0.bn2.running_var, forward_projection.img_bev_encoder_backbone.layers.1.0.bn2.num_batches_tracked, forward_projection.img_bev_encoder_backbone.layers.1.0.conv1.weight, forward_projection.img_bev_encoder_backbone.layers.1.0.conv2.weight, forward_projection.img_bev_encoder_backbone.layers.1.0.downsample.weight, forward_projection.img_bev_encoder_backbone.layers.1.0.downsample.bias, forward_projection.img_bev_encoder_backbone.layers.1.1.bn1.weight, forward_projection.img_bev_encoder_backbone.layers.1.1.bn1.bias, forward_projection.img_bev_encoder_backbone.layers.1.1.bn1.running_mean, forward_projection.img_bev_encoder_backbone.layers.1.1.bn1.running_var, forward_projection.img_bev_encoder_backbone.layers.1.1.bn1.num_batches_tracked, forward_projection.img_bev_encoder_backbone.layers.1.1.bn2.weight, forward_projection.img_bev_encoder_backbone.layers.1.1.bn2.bias, forward_projection.img_bev_encoder_backbone.layers.1.1.bn2.running_mean, forward_projection.img_bev_encoder_backbone.layers.1.1.bn2.running_var, forward_projection.img_bev_encoder_backbone.layers.1.1.bn2.num_batches_tracked, forward_projection.img_bev_encoder_backbone.layers.1.1.conv1.weight, forward_projection.img_bev_encoder_backbone.layers.1.1.conv2.weight, forward_projection.img_bev_encoder_backbone.layers.2.0.bn1.weight, forward_projection.img_bev_encoder_backbone.layers.2.0.bn1.bias, forward_projection.img_bev_encoder_backbone.layers.2.0.bn1.running_mean, forward_projection.img_bev_encoder_backbone.layers.2.0.bn1.running_var, forward_projection.img_bev_encoder_backbone.layers.2.0.bn1.num_batches_tracked, forward_projection.img_bev_encoder_backbone.layers.2.0.bn2.weight, forward_projection.img_bev_encoder_backbone.layers.2.0.bn2.bias, forward_projection.img_bev_encoder_backbone.layers.2.0.bn2.running_mean, forward_projection.img_bev_encoder_backbone.layers.2.0.bn2.running_var, forward_projection.img_bev_encoder_backbone.layers.2.0.bn2.num_batches_tracked, forward_projection.img_bev_encoder_backbone.layers.2.0.conv1.weight, forward_projection.img_bev_encoder_backbone.layers.2.0.conv2.weight, forward_projection.img_bev_encoder_backbone.layers.2.0.downsample.weight, forward_projection.img_bev_encoder_backbone.layers.2.0.downsample.bias, forward_projection.img_bev_encoder_backbone.layers.2.1.bn1.weight, forward_projection.img_bev_encoder_backbone.layers.2.1.bn1.bias, forward_projection.img_bev_encoder_backbone.layers.2.1.bn1.running_mean, forward_projection.img_bev_encoder_backbone.layers.2.1.bn1.running_var, forward_projection.img_bev_encoder_backbone.layers.2.1.bn1.num_batches_tracked, forward_projection.img_bev_encoder_backbone.layers.2.1.bn2.weight, forward_projection.img_bev_encoder_backbone.layers.2.1.bn2.bias, forward_projection.img_bev_encoder_backbone.layers.2.1.bn2.running_mean, forward_projection.img_bev_encoder_backbone.layers.2.1.bn2.running_var, forward_projection.img_bev_encoder_backbone.layers.2.1.bn2.num_batches_tracked, forward_projection.img_bev_encoder_backbone.layers.2.1.conv1.weight, forward_projection.img_bev_encoder_backbone.layers.2.1.conv2.weight

missing keys in source state_dict: forward_projection.img_bev_encoder_backbone.layers.0.0.conv1.conv.weight, forward_projection.img_bev_encoder_backbone.layers.0.0.conv1.bn.weight, forward_projection.img_bev_encoder_backbone.layers.0.0.conv1.bn.bias, forward_projection.img_bev_encoder_backbone.layers.0.0.conv1.bn.running_mean, forward_projection.img_bev_encoder_backbone.layers.0.0.conv1.bn.running_var, forward_projection.img_bev_encoder_backbone.layers.0.0.conv2.conv.weight, forward_projection.img_bev_encoder_backbone.layers.0.0.conv2.bn.weight, forward_projection.img_bev_encoder_backbone.layers.0.0.conv2.bn.bias, forward_projection.img_bev_encoder_backbone.layers.0.0.conv2.bn.running_mean, forward_projection.img_bev_encoder_backbone.layers.0.0.conv2.bn.running_var, forward_projection.img_bev_encoder_backbone.layers.0.0.downsample.conv.weight, forward_projection.img_bev_encoder_backbone.layers.0.0.downsample.bn.weight, forward_projection.img_bev_encoder_backbone.layers.0.0.downsample.bn.bias, forward_projection.img_bev_encoder_backbone.layers.0.0.downsample.bn.running_mean, forward_projection.img_bev_encoder_backbone.layers.0.0.downsample.bn.running_var, forward_projection.img_bev_encoder_backbone.layers.1.0.conv1.conv.weight, forward_projection.img_bev_encoder_backbone.layers.1.0.conv1.bn.weight, forward_projection.img_bev_encoder_backbone.layers.1.0.conv1.bn.bias, forward_projection.img_bev_encoder_backbone.layers.1.0.conv1.bn.running_mean, forward_projection.img_bev_encoder_backbone.layers.1.0.conv1.bn.running_var, forward_projection.img_bev_encoder_backbone.layers.1.0.conv2.conv.weight, forward_projection.img_bev_encoder_backbone.layers.1.0.conv2.bn.weight, forward_projection.img_bev_encoder_backbone.layers.1.0.conv2.bn.bias, forward_projection.img_bev_encoder_backbone.layers.1.0.conv2.bn.running_mean, forward_projection.img_bev_encoder_backbone.layers.1.0.conv2.bn.running_var, forward_projection.img_bev_encoder_backbone.layers.1.0.downsample.conv.weight, forward_projection.img_bev_encoder_backbone.layers.1.0.downsample.bn.weight, forward_projection.img_bev_encoder_backbone.layers.1.0.downsample.bn.bias, forward_projection.img_bev_encoder_backbone.layers.1.0.downsample.bn.running_mean, forward_projection.img_bev_encoder_backbone.layers.1.0.downsample.bn.running_var, forward_projection.img_bev_encoder_backbone.layers.1.1.conv1.conv.weight, forward_projection.img_bev_encoder_backbone.layers.1.1.conv1.bn.weight, forward_projection.img_bev_encoder_backbone.layers.1.1.conv1.bn.bias, forward_projection.img_bev_encoder_backbone.layers.1.1.conv1.bn.running_mean, forward_projection.img_bev_encoder_backbone.layers.1.1.conv1.bn.running_var, forward_projection.img_bev_encoder_backbone.layers.1.1.conv2.conv.weight, forward_projection.img_bev_encoder_backbone.layers.1.1.conv2.bn.weight, forward_projection.img_bev_encoder_backbone.layers.1.1.conv2.bn.bias, forward_projection.img_bev_encoder_backbone.layers.1.1.conv2.bn.running_mean, forward_projection.img_bev_encoder_backbone.layers.1.1.conv2.bn.running_var, forward_projection.img_bev_encoder_backbone.layers.2.0.conv1.conv.weight, forward_projection.img_bev_encoder_backbone.layers.2.0.conv1.bn.weight, forward_projection.img_bev_encoder_backbone.layers.2.0.conv1.bn.bias, forward_projection.img_bev_encoder_backbone.layers.2.0.conv1.bn.running_mean, forward_projection.img_bev_encoder_backbone.layers.2.0.conv1.bn.running_var, forward_projection.img_bev_encoder_backbone.layers.2.0.conv2.conv.weight, forward_projection.img_bev_encoder_backbone.layers.2.0.conv2.bn.weight, forward_projection.img_bev_encoder_backbone.layers.2.0.conv2.bn.bias, forward_projection.img_bev_encoder_backbone.layers.2.0.conv2.bn.running_mean, forward_projection.img_bev_encoder_backbone.layers.2.0.conv2.bn.running_var, forward_projection.img_bev_encoder_backbone.layers.2.0.downsample.conv.weight, forward_projection.img_bev_encoder_backbone.layers.2.0.downsample.bn.weight, forward_projection.img_bev_encoder_backbone.layers.2.0.downsample.bn.bias, forward_projection.img_bev_encoder_backbone.layers.2.0.downsample.bn.running_mean, forward_projection.img_bev_encoder_backbone.layers.2.0.downsample.bn.running_var, forward_projection.img_bev_encoder_backbone.layers.2.1.conv1.conv.weight, forward_projection.img_bev_encoder_backbone.layers.2.1.conv1.bn.weight, forward_projection.img_bev_encoder_backbone.layers.2.1.conv1.bn.bias, forward_projection.img_bev_encoder_backbone.layers.2.1.conv1.bn.running_mean, forward_projection.img_bev_encoder_backbone.layers.2.1.conv1.bn.running_var, forward_projection.img_bev_encoder_backbone.layers.2.1.conv2.conv.weight, forward_projection.img_bev_encoder_backbone.layers.2.1.conv2.bn.weight, forward_projection.img_bev_encoder_backbone.layers.2.1.conv2.bn.bias, forward_projection.img_bev_encoder_backbone.layers.2.1.conv2.bn.running_mean, forward_projection.img_bev_encoder_backbone.layers.2.1.conv2.bn.running_var, forward_projection.img_bev_encoder_backbone.layers.2.2.conv1.conv.weight, forward_projection.img_bev_encoder_backbone.layers.2.2.conv1.bn.weight, forward_projection.img_bev_encoder_backbone.layers.2.2.conv1.bn.bias, forward_projection.img_bev_encoder_backbone.layers.2.2.conv1.bn.running_mean, forward_projection.img_bev_encoder_backbone.layers.2.2.conv1.bn.running_var, forward_projection.img_bev_encoder_backbone.layers.2.2.conv2.conv.weight, forward_projection.img_bev_encoder_backbone.layers.2.2.conv2.bn.weight, forward_projection.img_bev_encoder_backbone.layers.2.2.conv2.bn.bias, forward_projection.img_bev_encoder_backbone.layers.2.2.conv2.bn.running_mean, forward_projection.img_bev_encoder_backbone.layers.2.2.conv2.bn.running_var, forward_projection.img_bev_encoder_backbone.layers.2.3.conv1.conv.weight, forward_projection.img_bev_encoder_backbone.layers.2.3.conv1.bn.weight, forward_projection.img_bev_encoder_backbone.layers.2.3.conv1.bn.bias, forward_projection.img_bev_encoder_backbone.layers.2.3.conv1.bn.running_mean, forward_projection.img_bev_encoder_backbone.layers.2.3.conv1.bn.running_var, forward_projection.img_bev_encoder_backbone.layers.2.3.conv2.conv.weight, forward_projection.img_bev_encoder_backbone.layers.2.3.conv2.bn.weight, forward_projection.img_bev_encoder_backbone.layers.2.3.conv2.bn.bias, forward_projection.img_bev_encoder_backbone.layers.2.3.conv2.bn.running_mean, forward_projection.img_bev_encoder_backbone.layers.2.3.conv2.bn.running_var, forward_projection.img_bev_encoder_backbone.adjust_layer.0.conv.weight, forward_projection.img_bev_encoder_backbone.adjust_layer.0.bn.weight, forward_projection.img_bev_encoder_backbone.adjust_layer.0.bn.bias, forward_projection.img_bev_encoder_backbone.adjust_layer.0.bn.running_mean, forward_projection.img_bev_encoder_backbone.adjust_layer.0.bn.running_var, forward_projection.img_bev_encoder_backbone.adjust_layer.1.conv.weight, forward_projection.img_bev_encoder_backbone.adjust_layer.1.bn.weight, forward_projection.img_bev_encoder_backbone.adjust_layer.1.bn.bias, forward_projection.img_bev_encoder_backbone.adjust_layer.1.bn.running_mean, forward_projection.img_bev_encoder_backbone.adjust_layer.1.bn.running_var, forward_projection.adjust_channel_conv.weight, forward_projection.adjust_channel_conv.bias, backward_projection_list.0.positional_encoding.row_embed.weight, backward_projection_list.0.positional_encoding.col_embed.weight, backward_projection_list.0.transformer.cams_embeds, backward_projection_list.0.transformer.encoder.layers.0.attentions.0.sampling_offsets.weight, backward_projection_list.0.transformer.encoder.layers.0.attentions.0.sampling_offsets.bias, backward_projection_list.0.transformer.encoder.layers.0.attentions.0.attention_weights.weight, backward_projection_list.0.transformer.encoder.layers.0.attentions.0.attention_weights.bias, backward_projection_list.0.transformer.encoder.layers.0.attentions.0.value_proj.weight, backward_projection_list.0.transformer.encoder.layers.0.attentions.0.value_proj.bias, backward_projection_list.0.transformer.encoder.layers.0.attentions.0.output_proj.weight, backward_projection_list.0.transformer.encoder.layers.0.attentions.0.output_proj.bias, backward_projection_list.0.transformer.encoder.layers.0.attentions.1.deformable_attention.sampling_offsets.weight, backward_projection_list.0.transformer.encoder.layers.0.attentions.1.deformable_attention.sampling_offsets.bias, backward_projection_list.0.transformer.encoder.layers.0.attentions.1.deformable_attention.attention_weights.weight, backward_projection_list.0.transformer.encoder.layers.0.attentions.1.deformable_attention.attention_weights.bias, backward_projection_list.0.transformer.encoder.layers.0.attentions.1.deformable_attention.value_proj.weight, backward_projection_list.0.transformer.encoder.layers.0.attentions.1.deformable_attention.value_proj.bias, backward_projection_list.0.transformer.encoder.layers.0.attentions.1.output_proj.weight, backward_projection_list.0.transformer.encoder.layers.0.attentions.1.output_proj.bias, backward_projection_list.0.transformer.encoder.layers.0.convs.0.conv1.weight, backward_projection_list.0.transformer.encoder.layers.0.convs.0.bn1.weight, backward_projection_list.0.transformer.encoder.layers.0.convs.0.bn1.bias, backward_projection_list.0.transformer.encoder.layers.0.convs.0.bn1.running_mean, backward_projection_list.0.transformer.encoder.layers.0.convs.0.bn1.running_var, backward_projection_list.0.transformer.encoder.layers.0.convs.0.conv2.weight, backward_projection_list.0.transformer.encoder.layers.0.convs.0.bn2.weight, backward_projection_list.0.transformer.encoder.layers.0.convs.0.bn2.bias, backward_projection_list.0.transformer.encoder.layers.0.convs.0.bn2.running_mean, backward_projection_list.0.transformer.encoder.layers.0.convs.0.bn2.running_var, backward_projection_list.0.transformer.encoder.layers.0.norms.0.weight, backward_projection_list.0.transformer.encoder.layers.0.norms.0.bias, backward_projection_list.0.transformer.encoder.layers.0.norms.1.weight, backward_projection_list.0.transformer.encoder.layers.0.norms.1.bias, backward_projection_list.0.transformer.encoder.layers.1.attentions.0.sampling_offsets.weight, backward_projection_list.0.transformer.encoder.layers.1.attentions.0.sampling_offsets.bias, backward_projection_list.0.transformer.encoder.layers.1.attentions.0.attention_weights.weight, backward_projection_list.0.transformer.encoder.layers.1.attentions.0.attention_weights.bias, backward_projection_list.0.transformer.encoder.layers.1.attentions.0.value_proj.weight, backward_projection_list.0.transformer.encoder.layers.1.attentions.0.value_proj.bias, backward_projection_list.0.transformer.encoder.layers.1.attentions.0.output_proj.weight, backward_projection_list.0.transformer.encoder.layers.1.attentions.0.output_proj.bias, backward_projection_list.0.transformer.encoder.layers.1.attentions.1.deformable_attention.sampling_offsets.weight, backward_projection_list.0.transformer.encoder.layers.1.attentions.1.deformable_attention.sampling_offsets.bias, backward_projection_list.0.transformer.encoder.layers.1.attentions.1.deformable_attention.attention_weights.weight, backward_projection_list.0.transformer.encoder.layers.1.attentions.1.deformable_attention.attention_weights.bias, backward_projection_list.0.transformer.encoder.layers.1.attentions.1.deformable_attention.value_proj.weight, backward_projection_list.0.transformer.encoder.layers.1.attentions.1.deformable_attention.value_proj.bias, backward_projection_list.0.transformer.encoder.layers.1.attentions.1.output_proj.weight, backward_projection_list.0.transformer.encoder.layers.1.attentions.1.output_proj.bias, backward_projection_list.0.transformer.encoder.layers.1.convs.0.conv1.weight, backward_projection_list.0.transformer.encoder.layers.1.convs.0.bn1.weight, backward_projection_list.0.transformer.encoder.layers.1.convs.0.bn1.bias, backward_projection_list.0.transformer.encoder.layers.1.convs.0.bn1.running_mean, backward_projection_list.0.transformer.encoder.layers.1.convs.0.bn1.running_var, backward_projection_list.0.transformer.encoder.layers.1.convs.0.conv2.weight, backward_projection_list.0.transformer.encoder.layers.1.convs.0.bn2.weight, backward_projection_list.0.transformer.encoder.layers.1.convs.0.bn2.bias, backward_projection_list.0.transformer.encoder.layers.1.convs.0.bn2.running_mean, backward_projection_list.0.transformer.encoder.layers.1.convs.0.bn2.running_var, backward_projection_list.0.transformer.encoder.layers.1.norms.0.weight, backward_projection_list.0.transformer.encoder.layers.1.norms.0.bias, backward_projection_list.0.transformer.encoder.layers.1.norms.1.weight, backward_projection_list.0.transformer.encoder.layers.1.norms.1.bias, backward_projection_list.0.transformer.encoder.occ_predictor.bev_conv.conv1.weight, backward_projection_list.0.transformer.encoder.occ_predictor.bev_conv.bn1.weight, backward_projection_list.0.transformer.encoder.occ_predictor.bev_conv.bn1.bias, backward_projection_list.0.transformer.encoder.occ_predictor.bev_conv.bn1.running_mean, backward_projection_list.0.transformer.encoder.occ_predictor.bev_conv.bn1.running_var, backward_projection_list.0.transformer.encoder.occ_predictor.bev_conv.conv2.weight, backward_projection_list.0.transformer.encoder.occ_predictor.bev_conv.bn2.weight, backward_projection_list.0.transformer.encoder.occ_predictor.bev_conv.bn2.bias, backward_projection_list.0.transformer.encoder.occ_predictor.bev_conv.bn2.running_mean, backward_projection_list.0.transformer.encoder.occ_predictor.bev_conv.bn2.running_var, backward_projection_list.0.transformer.encoder.occ_predictor.predicter.0.weight, backward_projection_list.0.transformer.encoder.occ_predictor.predicter.0.bias, backward_projection_list.0.transformer.encoder.occ_predictor.predicter.2.weight, backward_projection_list.0.transformer.encoder.occ_predictor.predicter.2.bias, backward_projection_list.1.positional_encoding.row_embed.weight, backward_projection_list.1.positional_encoding.col_embed.weight, backward_projection_list.1.transformer.cams_embeds, backward_projection_list.1.transformer.encoder.layers.0.attentions.0.sampling_offsets.weight, backward_projection_list.1.transformer.encoder.layers.0.attentions.0.sampling_offsets.bias, backward_projection_list.1.transformer.encoder.layers.0.attentions.0.attention_weights.weight, backward_projection_list.1.transformer.encoder.layers.0.attentions.0.attention_weights.bias, backward_projection_list.1.transformer.encoder.layers.0.attentions.0.value_proj.weight, backward_projection_list.1.transformer.encoder.layers.0.attentions.0.value_proj.bias, backward_projection_list.1.transformer.encoder.layers.0.attentions.0.output_proj.weight, backward_projection_list.1.transformer.encoder.layers.0.attentions.0.output_proj.bias, backward_projection_list.1.transformer.encoder.layers.0.attentions.1.deformable_attention.sampling_offsets.weight, backward_projection_list.1.transformer.encoder.layers.0.attentions.1.deformable_attention.sampling_offsets.bias, backward_projection_list.1.transformer.encoder.layers.0.attentions.1.deformable_attention.attention_weights.weight, backward_projection_list.1.transformer.encoder.layers.0.attentions.1.deformable_attention.attention_weights.bias, backward_projection_list.1.transformer.encoder.layers.0.attentions.1.deformable_attention.value_proj.weight, backward_projection_list.1.transformer.encoder.layers.0.attentions.1.deformable_attention.value_proj.bias, backward_projection_list.1.transformer.encoder.layers.0.attentions.1.output_proj.weight, backward_projection_list.1.transformer.encoder.layers.0.attentions.1.output_proj.bias, backward_projection_list.1.transformer.encoder.layers.0.convs.0.conv1.weight, backward_projection_list.1.transformer.encoder.layers.0.convs.0.bn1.weight, backward_projection_list.1.transformer.encoder.layers.0.convs.0.bn1.bias, backward_projection_list.1.transformer.encoder.layers.0.convs.0.bn1.running_mean, backward_projection_list.1.transformer.encoder.layers.0.convs.0.bn1.running_var, backward_projection_list.1.transformer.encoder.layers.0.convs.0.conv2.weight, backward_projection_list.1.transformer.encoder.layers.0.convs.0.bn2.weight, backward_projection_list.1.transformer.encoder.layers.0.convs.0.bn2.bias, backward_projection_list.1.transformer.encoder.layers.0.convs.0.bn2.running_mean, backward_projection_list.1.transformer.encoder.layers.0.convs.0.bn2.running_var, backward_projection_list.1.transformer.encoder.layers.0.norms.0.weight, backward_projection_list.1.transformer.encoder.layers.0.norms.0.bias, backward_projection_list.1.transformer.encoder.layers.0.norms.1.weight, backward_projection_list.1.transformer.encoder.layers.0.norms.1.bias, backward_projection_list.1.transformer.encoder.layers.1.attentions.0.sampling_offsets.weight, backward_projection_list.1.transformer.encoder.layers.1.attentions.0.sampling_offsets.bias, backward_projection_list.1.transformer.encoder.layers.1.attentions.0.attention_weights.weight, backward_projection_list.1.transformer.encoder.layers.1.attentions.0.attention_weights.bias, backward_projection_list.1.transformer.encoder.layers.1.attentions.0.value_proj.weight, backward_projection_list.1.transformer.encoder.layers.1.attentions.0.value_proj.bias, backward_projection_list.1.transformer.encoder.layers.1.attentions.0.output_proj.weight, backward_projection_list.1.transformer.encoder.layers.1.attentions.0.output_proj.bias, backward_projection_list.1.transformer.encoder.layers.1.attentions.1.deformable_attention.sampling_offsets.weight, backward_projection_list.1.transformer.encoder.layers.1.attentions.1.deformable_attention.sampling_offsets.bias, backward_projection_list.1.transformer.encoder.layers.1.attentions.1.deformable_attention.attention_weights.weight, backward_projection_list.1.transformer.encoder.layers.1.attentions.1.deformable_attention.attention_weights.bias, backward_projection_list.1.transformer.encoder.layers.1.attentions.1.deformable_attention.value_proj.weight, backward_projection_list.1.transformer.encoder.layers.1.attentions.1.deformable_attention.value_proj.bias, backward_projection_list.1.transformer.encoder.layers.1.attentions.1.output_proj.weight, backward_projection_list.1.transformer.encoder.layers.1.attentions.1.output_proj.bias, backward_projection_list.1.transformer.encoder.layers.1.convs.0.conv1.weight, backward_projection_list.1.transformer.encoder.layers.1.convs.0.bn1.weight, backward_projection_list.1.transformer.encoder.layers.1.convs.0.bn1.bias, backward_projection_list.1.transformer.encoder.layers.1.convs.0.bn1.running_mean, backward_projection_list.1.transformer.encoder.layers.1.convs.0.bn1.running_var, backward_projection_list.1.transformer.encoder.layers.1.convs.0.conv2.weight, backward_projection_list.1.transformer.encoder.layers.1.convs.0.bn2.weight, backward_projection_list.1.transformer.encoder.layers.1.convs.0.bn2.bias, backward_projection_list.1.transformer.encoder.layers.1.convs.0.bn2.running_mean, backward_projection_list.1.transformer.encoder.layers.1.convs.0.bn2.running_var, backward_projection_list.1.transformer.encoder.layers.1.norms.0.weight, backward_projection_list.1.transformer.encoder.layers.1.norms.0.bias, backward_projection_list.1.transformer.encoder.layers.1.norms.1.weight, backward_projection_list.1.transformer.encoder.layers.1.norms.1.bias, backward_projection_list.1.transformer.encoder.occ_predictor.bev_conv.conv1.weight, backward_projection_list.1.transformer.encoder.occ_predictor.bev_conv.bn1.weight, backward_projection_list.1.transformer.encoder.occ_predictor.bev_conv.bn1.bias, backward_projection_list.1.transformer.encoder.occ_predictor.bev_conv.bn1.running_mean, backward_projection_list.1.transformer.encoder.occ_predictor.bev_conv.bn1.running_var, backward_projection_list.1.transformer.encoder.occ_predictor.bev_conv.conv2.weight, backward_projection_list.1.transformer.encoder.occ_predictor.bev_conv.bn2.weight, backward_projection_list.1.transformer.encoder.occ_predictor.bev_conv.bn2.bias, backward_projection_list.1.transformer.encoder.occ_predictor.bev_conv.bn2.running_mean, backward_projection_list.1.transformer.encoder.occ_predictor.bev_conv.bn2.running_var, backward_projection_list.1.transformer.encoder.occ_predictor.predicter.0.weight, backward_projection_list.1.transformer.encoder.occ_predictor.predicter.0.bias, backward_projection_list.1.transformer.encoder.occ_predictor.predicter.2.weight, backward_projection_list.1.transformer.encoder.occ_predictor.predicter.2.bias, backward_projection_list.2.positional_encoding.row_embed.weight, backward_projection_list.2.positional_encoding.col_embed.weight, backward_projection_list.2.transformer.cams_embeds, backward_projection_list.2.transformer.encoder.layers.0.attentions.0.sampling_offsets.weight, backward_projection_list.2.transformer.encoder.layers.0.attentions.0.sampling_offsets.bias, backward_projection_list.2.transformer.encoder.layers.0.attentions.0.attention_weights.weight, backward_projection_list.2.transformer.encoder.layers.0.attentions.0.attention_weights.bias, backward_projection_list.2.transformer.encoder.layers.0.attentions.0.value_proj.weight, backward_projection_list.2.transformer.encoder.layers.0.attentions.0.value_proj.bias, backward_projection_list.2.transformer.encoder.layers.0.attentions.0.output_proj.weight, backward_projection_list.2.transformer.encoder.layers.0.attentions.0.output_proj.bias, backward_projection_list.2.transformer.encoder.layers.0.attentions.1.deformable_attention.sampling_offsets.weight, backward_projection_list.2.transformer.encoder.layers.0.attentions.1.deformable_attention.sampling_offsets.bias, backward_projection_list.2.transformer.encoder.layers.0.attentions.1.deformable_attention.attention_weights.weight, backward_projection_list.2.transformer.encoder.layers.0.attentions.1.deformable_attention.attention_weights.bias, backward_projection_list.2.transformer.encoder.layers.0.attentions.1.deformable_attention.value_proj.weight, backward_projection_list.2.transformer.encoder.layers.0.attentions.1.deformable_attention.value_proj.bias, backward_projection_list.2.transformer.encoder.layers.0.attentions.1.output_proj.weight, backward_projection_list.2.transformer.encoder.layers.0.attentions.1.output_proj.bias, backward_projection_list.2.transformer.encoder.layers.0.convs.0.conv1.weight, backward_projection_list.2.transformer.encoder.layers.0.convs.0.bn1.weight, backward_projection_list.2.transformer.encoder.layers.0.convs.0.bn1.bias, backward_projection_list.2.transformer.encoder.layers.0.convs.0.bn1.running_mean, backward_projection_list.2.transformer.encoder.layers.0.convs.0.bn1.running_var, backward_projection_list.2.transformer.encoder.layers.0.convs.0.conv2.weight, backward_projection_list.2.transformer.encoder.layers.0.convs.0.bn2.weight, backward_projection_list.2.transformer.encoder.layers.0.convs.0.bn2.bias, backward_projection_list.2.transformer.encoder.layers.0.convs.0.bn2.running_mean, backward_projection_list.2.transformer.encoder.layers.0.convs.0.bn2.running_var, backward_projection_list.2.transformer.encoder.layers.0.norms.0.weight, backward_projection_list.2.transformer.encoder.layers.0.norms.0.bias, backward_projection_list.2.transformer.encoder.layers.0.norms.1.weight, backward_projection_list.2.transformer.encoder.layers.0.norms.1.bias, backward_projection_list.2.transformer.encoder.layers.1.attentions.0.sampling_offsets.weight, backward_projection_list.2.transformer.encoder.layers.1.attentions.0.sampling_offsets.bias, backward_projection_list.2.transformer.encoder.layers.1.attentions.0.attention_weights.weight, backward_projection_list.2.transformer.encoder.layers.1.attentions.0.attention_weights.bias, backward_projection_list.2.transformer.encoder.layers.1.attentions.0.value_proj.weight, backward_projection_list.2.transformer.encoder.layers.1.attentions.0.value_proj.bias, backward_projection_list.2.transformer.encoder.layers.1.attentions.0.output_proj.weight, backward_projection_list.2.transformer.encoder.layers.1.attentions.0.output_proj.bias, backward_projection_list.2.transformer.encoder.layers.1.attentions.1.deformable_attention.sampling_offsets.weight, backward_projection_list.2.transformer.encoder.layers.1.attentions.1.deformable_attention.sampling_offsets.bias, backward_projection_list.2.transformer.encoder.layers.1.attentions.1.deformable_attention.attention_weights.weight, backward_projection_list.2.transformer.encoder.layers.1.attentions.1.deformable_attention.attention_weights.bias, backward_projection_list.2.transformer.encoder.layers.1.attentions.1.deformable_attention.value_proj.weight, backward_projection_list.2.transformer.encoder.layers.1.attentions.1.deformable_attention.value_proj.bias, backward_projection_list.2.transformer.encoder.layers.1.attentions.1.output_proj.weight, backward_projection_list.2.transformer.encoder.layers.1.attentions.1.output_proj.bias, backward_projection_list.2.transformer.encoder.layers.1.convs.0.conv1.weight, backward_projection_list.2.transformer.encoder.layers.1.convs.0.bn1.weight, backward_projection_list.2.transformer.encoder.layers.1.convs.0.bn1.bias, backward_projection_list.2.transformer.encoder.layers.1.convs.0.bn1.running_mean, backward_projection_list.2.transformer.encoder.layers.1.convs.0.bn1.running_var, backward_projection_list.2.transformer.encoder.layers.1.convs.0.conv2.weight, backward_projection_list.2.transformer.encoder.layers.1.convs.0.bn2.weight, backward_projection_list.2.transformer.encoder.layers.1.convs.0.bn2.bias, backward_projection_list.2.transformer.encoder.layers.1.convs.0.bn2.running_mean, backward_projection_list.2.transformer.encoder.layers.1.convs.0.bn2.running_var, backward_projection_list.2.transformer.encoder.layers.1.norms.0.weight, backward_projection_list.2.transformer.encoder.layers.1.norms.0.bias, backward_projection_list.2.transformer.encoder.layers.1.norms.1.weight, backward_projection_list.2.transformer.encoder.layers.1.norms.1.bias, backward_projection_list.2.transformer.encoder.occ_predictor.bev_conv.conv1.weight, backward_projection_list.2.transformer.encoder.occ_predictor.bev_conv.bn1.weight, backward_projection_list.2.transformer.encoder.occ_predictor.bev_conv.bn1.bias, backward_projection_list.2.transformer.encoder.occ_predictor.bev_conv.bn1.running_mean, backward_projection_list.2.transformer.encoder.occ_predictor.bev_conv.bn1.running_var, backward_projection_list.2.transformer.encoder.occ_predictor.bev_conv.conv2.weight, backward_projection_list.2.transformer.encoder.occ_predictor.bev_conv.bn2.weight, backward_projection_list.2.transformer.encoder.occ_predictor.bev_conv.bn2.bias, backward_projection_list.2.transformer.encoder.occ_predictor.bev_conv.bn2.running_mean, backward_projection_list.2.transformer.encoder.occ_predictor.bev_conv.bn2.running_var, backward_projection_list.2.transformer.encoder.occ_predictor.predicter.0.weight, backward_projection_list.2.transformer.encoder.occ_predictor.predicter.0.bias, backward_projection_list.2.transformer.encoder.occ_predictor.predicter.2.weight, backward_projection_list.2.transformer.encoder.occ_predictor.predicter.2.bias, temporal_fusion_list.0.occ_embedding.0.weight, temporal_fusion_list.0.occ_embedding.0.bias, temporal_fusion_list.0.occ_embedding.2.weight, temporal_fusion_list.0.occ_embedding.2.bias, temporal_fusion_list.0.history_fusion_linear.0.weight, temporal_fusion_list.0.history_fusion_linear.0.bias, temporal_fusion_list.0.history_fusion_linear.2.weight, temporal_fusion_list.0.history_fusion_linear.2.bias, temporal_fusion_list.0.history_fusion_bg_linear.0.weight, temporal_fusion_list.0.history_fusion_bg_linear.0.bias, temporal_fusion_list.0.history_fusion_bg_linear.2.weight, temporal_fusion_list.0.history_fusion_bg_linear.2.bias, temporal_fusion_list.1.occ_embedding.0.weight, temporal_fusion_list.1.occ_embedding.0.bias, temporal_fusion_list.1.occ_embedding.2.weight, temporal_fusion_list.1.occ_embedding.2.bias, temporal_fusion_list.1.history_fusion_linear.0.weight, temporal_fusion_list.1.history_fusion_linear.0.bias, temporal_fusion_list.1.history_fusion_linear.2.weight, temporal_fusion_list.1.history_fusion_linear.2.bias, temporal_fusion_list.1.history_fusion_bg_linear.0.weight, temporal_fusion_list.1.history_fusion_bg_linear.0.bias, temporal_fusion_list.1.history_fusion_bg_linear.2.weight, temporal_fusion_list.1.history_fusion_bg_linear.2.bias, temporal_fusion_list.2.occ_embedding.0.weight, temporal_fusion_list.2.occ_embedding.0.bias, temporal_fusion_list.2.occ_embedding.2.weight, temporal_fusion_list.2.occ_embedding.2.bias, temporal_fusion_list.2.history_fusion_linear.0.weight, temporal_fusion_list.2.history_fusion_linear.0.bias, temporal_fusion_list.2.history_fusion_linear.2.weight, temporal_fusion_list.2.history_fusion_linear.2.bias, temporal_fusion_list.2.history_fusion_bg_linear.0.weight, temporal_fusion_list.2.history_fusion_bg_linear.0.bias, temporal_fusion_list.2.history_fusion_bg_linear.2.weight, temporal_fusion_list.2.history_fusion_bg_linear.2.bias, occupancy_head.voxel_conv.conv1.conv.weight, occupancy_head.voxel_conv.conv1.bn.weight, occupancy_head.voxel_conv.conv1.bn.bias, occupancy_head.voxel_conv.conv1.bn.running_mean, occupancy_head.voxel_conv.conv1.bn.running_var, occupancy_head.voxel_conv.conv2.conv.weight, occupancy_head.voxel_conv.conv2.bn.weight, occupancy_head.voxel_conv.conv2.bn.bias, occupancy_head.voxel_conv.conv2.bn.running_mean, occupancy_head.voxel_conv.conv2.bn.running_var, occupancy_head.predicter.0.weight, occupancy_head.predicter.0.bias, occupancy_head.predicter.2.weight, occupancy_head.predicter.2.bias

2026-01-02 22:01:30,973 - mmdet - INFO - Start running, host: yanglei@cxhpc, work_dir: /home/yanglei/STCOcc/work_dirs/stcocc_r50_704x256_16f_occ3d_36e_v1
2026-01-02 22:01:30,973 - mmdet - INFO - Hooks will be executed in the following order:
before_run:
(VERY_HIGH   ) StepLrUpdaterHook                  
(NORMAL      ) CheckpointHook                     
(NORMAL      ) MEGVIIEMAHook                      
(VERY_LOW    ) TextLoggerHook                     
(VERY_LOW    ) TensorboardLoggerHook              
 -------------------- 
before_train_epoch:
(VERY_HIGH   ) StepLrUpdaterHook                  
(LOW         ) IterTimerHook                      
(VERY_LOW    ) TextLoggerHook                     
(VERY_LOW    ) TensorboardLoggerHook              
 -------------------- 
before_train_iter:
(VERY_HIGH   ) StepLrUpdaterHook                  
(LOW         ) IterTimerHook                      
 -------------------- 
after_train_iter:
(ABOVE_NORMAL) OptimizerHook                      
(NORMAL      ) CheckpointHook                     
(NORMAL      ) MEGVIIEMAHook                      
(LOW         ) IterTimerHook                      
(VERY_LOW    ) TextLoggerHook                     
(VERY_LOW    ) TensorboardLoggerHook              
 -------------------- 
after_train_epoch:
(NORMAL      ) CheckpointHook                     
(NORMAL      ) MEGVIIEMAHook                      
(VERY_LOW    ) TextLoggerHook                     
(VERY_LOW    ) TensorboardLoggerHook              
 -------------------- 
before_val_epoch:
(LOW         ) IterTimerHook                      
(VERY_LOW    ) TextLoggerHook                     
(VERY_LOW    ) TensorboardLoggerHook              
 -------------------- 
before_val_iter:
(LOW         ) IterTimerHook                      
 -------------------- 
after_val_iter:
(LOW         ) IterTimerHook                      
 -------------------- 
after_val_epoch:
(VERY_LOW    ) TextLoggerHook                     
(VERY_LOW    ) TensorboardLoggerHook              
 -------------------- 
after_run:
(NORMAL      ) MEGVIIEMAHook                      
(VERY_LOW    ) TextLoggerHook                     
(VERY_LOW    ) TensorboardLoggerHook              
 -------------------- 
2026-01-02 22:01:30,974 - mmdet - INFO - workflow: [('train', 1)], max: 13920 iters
2026-01-02 22:01:30,974 - mmdet - INFO - Checkpoints will be saved to /home/yanglei/STCOcc/work_dirs/stcocc_r50_704x256_16f_occ3d_36e_v1 by HardDiskBackend.
2026-01-02 22:01:44,059 - mmcv - INFO - Reducer buckets have been rebuilt in this iteration.
2026-01-02 22:06:27,048 - mmdet - INFO - Iter [50/13920]	lr: 2.458e-05, eta: 22:46:58, time: 5.913, data_time: 0.861, memory: 27550, loss_depth: 3.0784, loss_voxel_ce_c_1_1: 37.0445, loss_voxel_sem_scal_c_1_1: 10.3620, loss_voxel_geo_scal_c_1_1: 6.2108, loss_voxel_lovasz_c_1_1: 0.9521, loss_voxel_ce_c_1_2: 15.8661, loss_voxel_sem_scal_c_1_2: 4.7684, loss_voxel_geo_scal_c_1_2: 2.2111, loss_voxel_lovasz_c_1_2: 0.4719, loss_voxel_ce_c_1_4: 7.2729, loss_voxel_sem_scal_c_1_4: 2.3114, loss_voxel_geo_scal_c_1_4: 1.0226, loss_voxel_lovasz_c_1_4: 0.2355, loss_voxel_ce_c_1_8: 4.7118, loss_voxel_sem_scal_c_1_8: 0.9795, loss_voxel_geo_scal_c_1_8: 0.5333, loss_voxel_lovasz_c_1_8: 0.1184, loss: 98.1507, grad_norm: 235.5393
2026-01-02 22:11:20,034 - mmdet - INFO - Iter [100/13920]	lr: 4.955e-05, eta: 22:35:50, time: 5.860, data_time: 0.856, memory: 27551, loss_depth: 2.8405, loss_voxel_ce_c_1_1: 6.0314, loss_voxel_sem_scal_c_1_1: 8.9512, loss_voxel_geo_scal_c_1_1: 4.3173, loss_voxel_lovasz_c_1_1: 0.9068, loss_voxel_ce_c_1_2: 7.3397, loss_voxel_sem_scal_c_1_2: 4.4885, loss_voxel_geo_scal_c_1_2: 1.8966, loss_voxel_lovasz_c_1_2: 0.4620, loss_voxel_ce_c_1_4: 3.4597, loss_voxel_sem_scal_c_1_4: 2.1968, loss_voxel_geo_scal_c_1_4: 0.8691, loss_voxel_lovasz_c_1_4: 0.2316, loss_voxel_ce_c_1_8: 2.5904, loss_voxel_sem_scal_c_1_8: 0.9503, loss_voxel_geo_scal_c_1_8: 0.4530, loss_voxel_lovasz_c_1_8: 0.1165, loss: 48.1014, grad_norm: 63.8436
2026-01-02 22:16:08,741 - mmdet - INFO - Iter [150/13920]	lr: 7.453e-05, eta: 22:22:20, time: 5.774, data_time: 0.848, memory: 27557, loss_depth: 2.3298, loss_voxel_ce_c_1_1: 0.9880, loss_voxel_sem_scal_c_1_1: 4.7149, loss_voxel_geo_scal_c_1_1: 2.8008, loss_voxel_lovasz_c_1_1: 0.7949, loss_voxel_ce_c_1_2: 1.1635, loss_voxel_sem_scal_c_1_2: 3.3269, loss_voxel_geo_scal_c_1_2: 1.3888, loss_voxel_lovasz_c_1_2: 0.4122, loss_voxel_ce_c_1_4: 0.6517, loss_voxel_sem_scal_c_1_4: 1.6593, loss_voxel_geo_scal_c_1_4: 0.6067, loss_voxel_lovasz_c_1_4: 0.2070, loss_voxel_ce_c_1_8: 0.5476, loss_voxel_sem_scal_c_1_8: 0.7629, loss_voxel_geo_scal_c_1_8: 0.2906, loss_voxel_lovasz_c_1_8: 0.1062, loss: 22.7517, grad_norm: 13.0543
2026-01-02 22:20:57,738 - mmdet - INFO - Iter [200/13920]	lr: 9.950e-05, eta: 22:13:31, time: 5.780, data_time: 0.821, memory: 27557, loss_depth: 2.0571, loss_voxel_ce_c_1_1: 0.8237, loss_voxel_sem_scal_c_1_1: 3.0520, loss_voxel_geo_scal_c_1_1: 2.1635, loss_voxel_lovasz_c_1_1: 0.7338, loss_voxel_ce_c_1_2: 0.5424, loss_voxel_sem_scal_c_1_2: 2.2261, loss_voxel_geo_scal_c_1_2: 1.0903, loss_voxel_lovasz_c_1_2: 0.3698, loss_voxel_ce_c_1_4: 0.3258, loss_voxel_sem_scal_c_1_4: 1.1901, loss_voxel_geo_scal_c_1_4: 0.4863, loss_voxel_lovasz_c_1_4: 0.1834, loss_voxel_ce_c_1_8: 0.2148, loss_voxel_sem_scal_c_1_8: 0.5530, loss_voxel_geo_scal_c_1_8: 0.2125, loss_voxel_lovasz_c_1_8: 0.0911, loss: 16.3158, grad_norm: 18.8299
2026-01-02 22:25:44,865 - mmdet - INFO - Iter [250/13920]	lr: 1.000e-04, eta: 22:04:35, time: 5.742, data_time: 0.817, memory: 27557, loss_depth: 1.8843, loss_voxel_ce_c_1_1: 0.7210, loss_voxel_sem_scal_c_1_1: 2.5585, loss_voxel_geo_scal_c_1_1: 1.7772, loss_voxel_lovasz_c_1_1: 0.7009, loss_voxel_ce_c_1_2: 0.4675, loss_voxel_sem_scal_c_1_2: 1.4812, loss_voxel_geo_scal_c_1_2: 0.8433, loss_voxel_lovasz_c_1_2: 0.3476, loss_voxel_ce_c_1_4: 0.2780, loss_voxel_sem_scal_c_1_4: 0.8835, loss_voxel_geo_scal_c_1_4: 0.3736, loss_voxel_lovasz_c_1_4: 0.1698, loss_voxel_ce_c_1_8: 0.1647, loss_voxel_sem_scal_c_1_8: 0.4422, loss_voxel_geo_scal_c_1_8: 0.1677, loss_voxel_lovasz_c_1_8: 0.0829, loss: 13.3439, grad_norm: 14.8325
2026-01-02 22:30:33,656 - mmdet - INFO - Iter [300/13920]	lr: 1.000e-04, eta: 21:58:18, time: 5.776, data_time: 0.844, memory: 27610, loss_depth: 1.7800, loss_voxel_ce_c_1_1: 0.6718, loss_voxel_sem_scal_c_1_1: 2.4164, loss_voxel_geo_scal_c_1_1: 1.5729, loss_voxel_lovasz_c_1_1: 0.6845, loss_voxel_ce_c_1_2: 0.4306, loss_voxel_sem_scal_c_1_2: 1.2587, loss_voxel_geo_scal_c_1_2: 0.7090, loss_voxel_lovasz_c_1_2: 0.3346, loss_voxel_ce_c_1_4: 0.2458, loss_voxel_sem_scal_c_1_4: 0.6553, loss_voxel_geo_scal_c_1_4: 0.3048, loss_voxel_lovasz_c_1_4: 0.1622, loss_voxel_ce_c_1_8: 0.1449, loss_voxel_sem_scal_c_1_8: 0.3755, loss_voxel_geo_scal_c_1_8: 0.1365, loss_voxel_lovasz_c_1_8: 0.0778, loss: 11.9612, grad_norm: 15.1576
2026-01-02 22:35:24,115 - mmdet - INFO - Iter [350/13920]	lr: 1.000e-04, eta: 21:53:30, time: 5.809, data_time: 0.811, memory: 27610, loss_depth: 1.6918, loss_voxel_ce_c_1_1: 0.5930, loss_voxel_sem_scal_c_1_1: 2.0676, loss_voxel_geo_scal_c_1_1: 1.4214, loss_voxel_lovasz_c_1_1: 0.6458, loss_voxel_ce_c_1_2: 0.3897, loss_voxel_sem_scal_c_1_2: 1.0413, loss_voxel_geo_scal_c_1_2: 0.6287, loss_voxel_lovasz_c_1_2: 0.3161, loss_voxel_ce_c_1_4: 0.2182, loss_voxel_sem_scal_c_1_4: 0.5151, loss_voxel_geo_scal_c_1_4: 0.2682, loss_voxel_lovasz_c_1_4: 0.1528, loss_voxel_ce_c_1_8: 0.1273, loss_voxel_sem_scal_c_1_8: 0.2932, loss_voxel_geo_scal_c_1_8: 0.1159, loss_voxel_lovasz_c_1_8: 0.0705, loss: 10.5566, grad_norm: 11.4770
2026-01-02 22:40:16,092 - mmdet - INFO - Iter [400/13920]	lr: 1.000e-04, eta: 21:49:34, time: 5.840, data_time: 0.832, memory: 27610, loss_depth: 1.6098, loss_voxel_ce_c_1_1: 0.5613, loss_voxel_sem_scal_c_1_1: 2.2103, loss_voxel_geo_scal_c_1_1: 1.3233, loss_voxel_lovasz_c_1_1: 0.6547, loss_voxel_ce_c_1_2: 0.3564, loss_voxel_sem_scal_c_1_2: 1.0966, loss_voxel_geo_scal_c_1_2: 0.5728, loss_voxel_lovasz_c_1_2: 0.3166, loss_voxel_ce_c_1_4: 0.1974, loss_voxel_sem_scal_c_1_4: 0.5089, loss_voxel_geo_scal_c_1_4: 0.2384, loss_voxel_lovasz_c_1_4: 0.1506, loss_voxel_ce_c_1_8: 0.1128, loss_voxel_sem_scal_c_1_8: 0.2714, loss_voxel_geo_scal_c_1_8: 0.0983, loss_voxel_lovasz_c_1_8: 0.0655, loss: 10.3451, grad_norm: 18.4018
2026-01-02 22:45:01,854 - mmdet - INFO - Iter [450/13920]	lr: 1.000e-04, eta: 21:42:19, time: 5.715, data_time: 0.858, memory: 27610, loss_depth: 1.5584, loss_voxel_ce_c_1_1: 0.5280, loss_voxel_sem_scal_c_1_1: 1.9986, loss_voxel_geo_scal_c_1_1: 1.2565, loss_voxel_lovasz_c_1_1: 0.6253, loss_voxel_ce_c_1_2: 0.3395, loss_voxel_sem_scal_c_1_2: 0.9823, loss_voxel_geo_scal_c_1_2: 0.5422, loss_voxel_lovasz_c_1_2: 0.3056, loss_voxel_ce_c_1_4: 0.1854, loss_voxel_sem_scal_c_1_4: 0.4400, loss_voxel_geo_scal_c_1_4: 0.2254, loss_voxel_lovasz_c_1_4: 0.1440, loss_voxel_ce_c_1_8: 0.1065, loss_voxel_sem_scal_c_1_8: 0.2247, loss_voxel_geo_scal_c_1_8: 0.0904, loss_voxel_lovasz_c_1_8: 0.0614, loss: 9.6142, grad_norm: 13.6502
2026-01-02 22:49:56,181 - mmdet - INFO - Iter [500/13920]	lr: 1.000e-04, eta: 21:39:24, time: 5.886, data_time: 0.828, memory: 27610, loss_depth: 1.5181, loss_voxel_ce_c_1_1: 0.4910, loss_voxel_sem_scal_c_1_1: 1.8174, loss_voxel_geo_scal_c_1_1: 1.1817, loss_voxel_lovasz_c_1_1: 0.6109, loss_voxel_ce_c_1_2: 0.3178, loss_voxel_sem_scal_c_1_2: 0.9013, loss_voxel_geo_scal_c_1_2: 0.5055, loss_voxel_lovasz_c_1_2: 0.2984, loss_voxel_ce_c_1_4: 0.1730, loss_voxel_sem_scal_c_1_4: 0.4030, loss_voxel_geo_scal_c_1_4: 0.2083, loss_voxel_lovasz_c_1_4: 0.1383, loss_voxel_ce_c_1_8: 0.0965, loss_voxel_sem_scal_c_1_8: 0.2092, loss_voxel_geo_scal_c_1_8: 0.0811, loss_voxel_lovasz_c_1_8: 0.0590, loss: 9.0106, grad_norm: 9.5874
2026-01-02 22:54:50,215 - mmdet - INFO - Iter [550/13920]	lr: 1.000e-04, eta: 21:36:00, time: 5.881, data_time: 0.851, memory: 27610, loss_depth: 1.4639, loss_voxel_ce_c_1_1: 0.4702, loss_voxel_sem_scal_c_1_1: 1.8059, loss_voxel_geo_scal_c_1_1: 1.1172, loss_voxel_lovasz_c_1_1: 0.6055, loss_voxel_ce_c_1_2: 0.2994, loss_voxel_sem_scal_c_1_2: 0.8699, loss_voxel_geo_scal_c_1_2: 0.4774, loss_voxel_lovasz_c_1_2: 0.2916, loss_voxel_ce_c_1_4: 0.1626, loss_voxel_sem_scal_c_1_4: 0.3821, loss_voxel_geo_scal_c_1_4: 0.1943, loss_voxel_lovasz_c_1_4: 0.1353, loss_voxel_ce_c_1_8: 0.0890, loss_voxel_sem_scal_c_1_8: 0.1833, loss_voxel_geo_scal_c_1_8: 0.0743, loss_voxel_lovasz_c_1_8: 0.0552, loss: 8.6770, grad_norm: 8.7924
2026-01-02 22:59:41,290 - mmdet - INFO - Iter [600/13920]	lr: 1.000e-04, eta: 21:31:15, time: 5.822, data_time: 0.823, memory: 27610, loss_depth: 1.4170, loss_voxel_ce_c_1_1: 0.4374, loss_voxel_sem_scal_c_1_1: 1.7277, loss_voxel_geo_scal_c_1_1: 1.0471, loss_voxel_lovasz_c_1_1: 0.5841, loss_voxel_ce_c_1_2: 0.2769, loss_voxel_sem_scal_c_1_2: 0.8169, loss_voxel_geo_scal_c_1_2: 0.4433, loss_voxel_lovasz_c_1_2: 0.2822, loss_voxel_ce_c_1_4: 0.1501, loss_voxel_sem_scal_c_1_4: 0.3499, loss_voxel_geo_scal_c_1_4: 0.1800, loss_voxel_lovasz_c_1_4: 0.1289, loss_voxel_ce_c_1_8: 0.0799, loss_voxel_sem_scal_c_1_8: 0.1439, loss_voxel_geo_scal_c_1_8: 0.0666, loss_voxel_lovasz_c_1_8: 0.0496, loss: 8.1815, grad_norm: 8.3044
2026-01-02 23:04:34,343 - mmdet - INFO - Iter [650/13920]	lr: 1.000e-04, eta: 21:27:10, time: 5.861, data_time: 0.831, memory: 27610, loss_depth: 1.3872, loss_voxel_ce_c_1_1: 0.4334, loss_voxel_sem_scal_c_1_1: 1.5850, loss_voxel_geo_scal_c_1_1: 1.0132, loss_voxel_lovasz_c_1_1: 0.5710, loss_voxel_ce_c_1_2: 0.2658, loss_voxel_sem_scal_c_1_2: 0.7330, loss_voxel_geo_scal_c_1_2: 0.4216, loss_voxel_lovasz_c_1_2: 0.2710, loss_voxel_ce_c_1_4: 0.1444, loss_voxel_sem_scal_c_1_4: 0.3228, loss_voxel_geo_scal_c_1_4: 0.1698, loss_voxel_lovasz_c_1_4: 0.1246, loss_voxel_ce_c_1_8: 0.0754, loss_voxel_sem_scal_c_1_8: 0.1518, loss_voxel_geo_scal_c_1_8: 0.0620, loss_voxel_lovasz_c_1_8: 0.0496, loss: 7.7816, grad_norm: 9.6012
2026-01-02 23:08:55,635 - mmdet - INFO - Saving checkpoint at 696 iterations
2026-01-02 23:09:22,546 - mmdet - INFO - Iter [700/13920]	lr: 1.000e-04, eta: 21:21:26, time: 5.764, data_time: 0.841, memory: 27610, loss_depth: 1.3392, loss_voxel_ce_c_1_1: 0.4106, loss_voxel_sem_scal_c_1_1: 1.6356, loss_voxel_geo_scal_c_1_1: 0.9696, loss_voxel_lovasz_c_1_1: 0.5617, loss_voxel_ce_c_1_2: 0.2476, loss_voxel_sem_scal_c_1_2: 0.7612, loss_voxel_geo_scal_c_1_2: 0.3967, loss_voxel_lovasz_c_1_2: 0.2666, loss_voxel_ce_c_1_4: 0.1320, loss_voxel_sem_scal_c_1_4: 0.3296, loss_voxel_geo_scal_c_1_4: 0.1580, loss_voxel_lovasz_c_1_4: 0.1210, loss_voxel_ce_c_1_8: 0.0660, loss_voxel_sem_scal_c_1_8: 0.1403, loss_voxel_geo_scal_c_1_8: 0.0552, loss_voxel_lovasz_c_1_8: 0.0453, loss: 7.6362, grad_norm: 12.1655
2026-01-02 23:14:14,773 - mmdet - INFO - Iter [750/13920]	lr: 1.000e-04, eta: 21:17:00, time: 5.844, data_time: 0.806, memory: 27610, loss_depth: 1.3115, loss_voxel_ce_c_1_1: 0.3932, loss_voxel_sem_scal_c_1_1: 1.5983, loss_voxel_geo_scal_c_1_1: 0.9367, loss_voxel_lovasz_c_1_1: 0.5583, loss_voxel_ce_c_1_2: 0.2398, loss_voxel_sem_scal_c_1_2: 0.7418, loss_voxel_geo_scal_c_1_2: 0.3796, loss_voxel_lovasz_c_1_2: 0.2640, loss_voxel_ce_c_1_4: 0.1275, loss_voxel_sem_scal_c_1_4: 0.3228, loss_voxel_geo_scal_c_1_4: 0.1504, loss_voxel_lovasz_c_1_4: 0.1195, loss_voxel_ce_c_1_8: 0.0616, loss_voxel_sem_scal_c_1_8: 0.1313, loss_voxel_geo_scal_c_1_8: 0.0517, loss_voxel_lovasz_c_1_8: 0.0443, loss: 7.4322, grad_norm: 8.8151
2026-01-02 23:19:06,387 - mmdet - INFO - Iter [800/13920]	lr: 1.000e-04, eta: 21:12:21, time: 5.832, data_time: 0.816, memory: 27610, loss_depth: 1.2909, loss_voxel_ce_c_1_1: 0.3799, loss_voxel_sem_scal_c_1_1: 1.4626, loss_voxel_geo_scal_c_1_1: 0.9001, loss_voxel_lovasz_c_1_1: 0.5450, loss_voxel_ce_c_1_2: 0.2332, loss_voxel_sem_scal_c_1_2: 0.6780, loss_voxel_geo_scal_c_1_2: 0.3659, loss_voxel_lovasz_c_1_2: 0.2573, loss_voxel_ce_c_1_4: 0.1254, loss_voxel_sem_scal_c_1_4: 0.2931, loss_voxel_geo_scal_c_1_4: 0.1447, loss_voxel_lovasz_c_1_4: 0.1160, loss_voxel_ce_c_1_8: 0.0589, loss_voxel_sem_scal_c_1_8: 0.1194, loss_voxel_geo_scal_c_1_8: 0.0483, loss_voxel_lovasz_c_1_8: 0.0409, loss: 7.0594, grad_norm: 7.5827
2026-01-02 23:23:55,153 - mmdet - INFO - Iter [850/13920]	lr: 1.000e-04, eta: 21:06:57, time: 5.776, data_time: 0.850, memory: 27610, loss_depth: 1.2842, loss_voxel_ce_c_1_1: 0.3861, loss_voxel_sem_scal_c_1_1: 1.4111, loss_voxel_geo_scal_c_1_1: 0.8983, loss_voxel_lovasz_c_1_1: 0.5468, loss_voxel_ce_c_1_2: 0.2334, loss_voxel_sem_scal_c_1_2: 0.6322, loss_voxel_geo_scal_c_1_2: 0.3614, loss_voxel_lovasz_c_1_2: 0.2549, loss_voxel_ce_c_1_4: 0.1250, loss_voxel_sem_scal_c_1_4: 0.2756, loss_voxel_geo_scal_c_1_4: 0.1428, loss_voxel_lovasz_c_1_4: 0.1149, loss_voxel_ce_c_1_8: 0.0577, loss_voxel_sem_scal_c_1_8: 0.1202, loss_voxel_geo_scal_c_1_8: 0.0470, loss_voxel_lovasz_c_1_8: 0.0425, loss: 6.9340, grad_norm: 7.5200
2026-01-02 23:28:46,018 - mmdet - INFO - Iter [900/13920]	lr: 1.000e-04, eta: 21:02:07, time: 5.817, data_time: 0.831, memory: 27610, loss_depth: 1.2666, loss_voxel_ce_c_1_1: 0.3665, loss_voxel_sem_scal_c_1_1: 1.3810, loss_voxel_geo_scal_c_1_1: 0.8596, loss_voxel_lovasz_c_1_1: 0.5371, loss_voxel_ce_c_1_2: 0.2202, loss_voxel_sem_scal_c_1_2: 0.6285, loss_voxel_geo_scal_c_1_2: 0.3421, loss_voxel_lovasz_c_1_2: 0.2505, loss_voxel_ce_c_1_4: 0.1164, loss_voxel_sem_scal_c_1_4: 0.2702, loss_voxel_geo_scal_c_1_4: 0.1317, loss_voxel_lovasz_c_1_4: 0.1128, loss_voxel_ce_c_1_8: 0.0502, loss_voxel_sem_scal_c_1_8: 0.1289, loss_voxel_geo_scal_c_1_8: 0.0414, loss_voxel_lovasz_c_1_8: 0.0423, loss: 6.7460, grad_norm: 6.9769
2026-01-02 23:33:33,899 - mmdet - INFO - Iter [950/13920]	lr: 1.000e-04, eta: 20:56:36, time: 5.758, data_time: 0.848, memory: 27610, loss_depth: 1.2243, loss_voxel_ce_c_1_1: 0.3433, loss_voxel_sem_scal_c_1_1: 1.4656, loss_voxel_geo_scal_c_1_1: 0.8201, loss_voxel_lovasz_c_1_1: 0.5297, loss_voxel_ce_c_1_2: 0.2082, loss_voxel_sem_scal_c_1_2: 0.6644, loss_voxel_geo_scal_c_1_2: 0.3251, loss_voxel_lovasz_c_1_2: 0.2464, loss_voxel_ce_c_1_4: 0.1089, loss_voxel_sem_scal_c_1_4: 0.2890, loss_voxel_geo_scal_c_1_4: 0.1238, loss_voxel_lovasz_c_1_4: 0.1103, loss_voxel_ce_c_1_8: 0.0429, loss_voxel_sem_scal_c_1_8: 0.1000, loss_voxel_geo_scal_c_1_8: 0.0365, loss_voxel_lovasz_c_1_8: 0.0367, loss: 6.6751, grad_norm: 5.5343
2026-01-02 23:38:24,618 - mmdet - INFO - Exp name: stcocc_r50_704x256_16f_occ3d_36e_v1.py
2026-01-02 23:38:24,618 - mmdet - INFO - Iter [1000/13920]	lr: 1.000e-04, eta: 20:51:46, time: 5.814, data_time: 0.826, memory: 27610, loss_depth: 1.2075, loss_voxel_ce_c_1_1: 0.3387, loss_voxel_sem_scal_c_1_1: 1.4010, loss_voxel_geo_scal_c_1_1: 0.7889, loss_voxel_lovasz_c_1_1: 0.5241, loss_voxel_ce_c_1_2: 0.2019, loss_voxel_sem_scal_c_1_2: 0.6339, loss_voxel_geo_scal_c_1_2: 0.3123, loss_voxel_lovasz_c_1_2: 0.2423, loss_voxel_ce_c_1_4: 0.1036, loss_voxel_sem_scal_c_1_4: 0.2701, loss_voxel_geo_scal_c_1_4: 0.1160, loss_voxel_lovasz_c_1_4: 0.1068, loss_voxel_ce_c_1_8: 0.0377, loss_voxel_sem_scal_c_1_8: 0.1096, loss_voxel_geo_scal_c_1_8: 0.0319, loss_voxel_lovasz_c_1_8: 0.0360, loss: 6.4625, grad_norm: 5.6067
2026-01-02 23:43:17,397 - mmdet - INFO - Iter [1050/13920]	lr: 1.000e-04, eta: 20:47:22, time: 5.856, data_time: 0.817, memory: 27610, loss_depth: 1.1839, loss_voxel_ce_c_1_1: 0.3307, loss_voxel_sem_scal_c_1_1: 1.3282, loss_voxel_geo_scal_c_1_1: 0.7739, loss_voxel_lovasz_c_1_1: 0.5166, loss_voxel_ce_c_1_2: 0.1956, loss_voxel_sem_scal_c_1_2: 0.5834, loss_voxel_geo_scal_c_1_2: 0.3015, loss_voxel_lovasz_c_1_2: 0.2361, loss_voxel_ce_c_1_4: 0.0999, loss_voxel_sem_scal_c_1_4: 0.2448, loss_voxel_geo_scal_c_1_4: 0.1114, loss_voxel_lovasz_c_1_4: 0.1041, loss_voxel_ce_c_1_8: 0.0335, loss_voxel_sem_scal_c_1_8: 0.0944, loss_voxel_geo_scal_c_1_8: 0.0285, loss_voxel_lovasz_c_1_8: 0.0335, loss: 6.2001, grad_norm: 5.9995
2026-01-02 23:48:07,083 - mmdet - INFO - Iter [1100/13920]	lr: 1.000e-04, eta: 20:42:18, time: 5.794, data_time: 0.860, memory: 27610, loss_depth: 1.1548, loss_voxel_ce_c_1_1: 0.3149, loss_voxel_sem_scal_c_1_1: 1.3067, loss_voxel_geo_scal_c_1_1: 0.7458, loss_voxel_lovasz_c_1_1: 0.5062, loss_voxel_ce_c_1_2: 0.1886, loss_voxel_sem_scal_c_1_2: 0.5803, loss_voxel_geo_scal_c_1_2: 0.2917, loss_voxel_lovasz_c_1_2: 0.2319, loss_voxel_ce_c_1_4: 0.0961, loss_voxel_sem_scal_c_1_4: 0.2436, loss_voxel_geo_scal_c_1_4: 0.1063, loss_voxel_lovasz_c_1_4: 0.1008, loss_voxel_ce_c_1_8: 0.0303, loss_voxel_sem_scal_c_1_8: 0.0931, loss_voxel_geo_scal_c_1_8: 0.0254, loss_voxel_lovasz_c_1_8: 0.0331, loss: 6.0497, grad_norm: 4.2172
2026-01-02 23:52:58,320 - mmdet - INFO - Iter [1150/13920]	lr: 1.000e-04, eta: 20:37:33, time: 5.825, data_time: 0.860, memory: 27610, loss_depth: 1.1290, loss_voxel_ce_c_1_1: 0.3148, loss_voxel_sem_scal_c_1_1: 1.2427, loss_voxel_geo_scal_c_1_1: 0.7317, loss_voxel_lovasz_c_1_1: 0.5041, loss_voxel_ce_c_1_2: 0.1883, loss_voxel_sem_scal_c_1_2: 0.5456, loss_voxel_geo_scal_c_1_2: 0.2843, loss_voxel_lovasz_c_1_2: 0.2296, loss_voxel_ce_c_1_4: 0.0936, loss_voxel_sem_scal_c_1_4: 0.2268, loss_voxel_geo_scal_c_1_4: 0.1026, loss_voxel_lovasz_c_1_4: 0.0994, loss_voxel_ce_c_1_8: 0.0274, loss_voxel_sem_scal_c_1_8: 0.0910, loss_voxel_geo_scal_c_1_8: 0.0225, loss_voxel_lovasz_c_1_8: 0.0324, loss: 5.8657, grad_norm: 4.5971
2026-01-02 23:57:51,764 - mmdet - INFO - Iter [1200/13920]	lr: 1.000e-04, eta: 20:33:11, time: 5.868, data_time: 0.875, memory: 27610, loss_depth: 1.1196, loss_voxel_ce_c_1_1: 0.3121, loss_voxel_sem_scal_c_1_1: 1.2843, loss_voxel_geo_scal_c_1_1: 0.7220, loss_voxel_lovasz_c_1_1: 0.5027, loss_voxel_ce_c_1_2: 0.1875, loss_voxel_sem_scal_c_1_2: 0.5762, loss_voxel_geo_scal_c_1_2: 0.2812, loss_voxel_lovasz_c_1_2: 0.2312, loss_voxel_ce_c_1_4: 0.0940, loss_voxel_sem_scal_c_1_4: 0.2408, loss_voxel_geo_scal_c_1_4: 0.1012, loss_voxel_lovasz_c_1_4: 0.0996, loss_voxel_ce_c_1_8: 0.0271, loss_voxel_sem_scal_c_1_8: 0.0839, loss_voxel_geo_scal_c_1_8: 0.0214, loss_voxel_lovasz_c_1_8: 0.0304, loss: 5.9152, grad_norm: 5.9400
2026-01-03 00:02:39,601 - mmdet - INFO - Iter [1250/13920]	lr: 1.000e-04, eta: 20:27:50, time: 5.757, data_time: 0.886, memory: 27610, loss_depth: 1.1353, loss_voxel_ce_c_1_1: 0.3040, loss_voxel_sem_scal_c_1_1: 1.2560, loss_voxel_geo_scal_c_1_1: 0.7047, loss_voxel_lovasz_c_1_1: 0.4964, loss_voxel_ce_c_1_2: 0.1811, loss_voxel_sem_scal_c_1_2: 0.5568, loss_voxel_geo_scal_c_1_2: 0.2734, loss_voxel_lovasz_c_1_2: 0.2252, loss_voxel_ce_c_1_4: 0.0904, loss_voxel_sem_scal_c_1_4: 0.2314, loss_voxel_geo_scal_c_1_4: 0.0976, loss_voxel_lovasz_c_1_4: 0.0965, loss_voxel_ce_c_1_8: 0.0245, loss_voxel_sem_scal_c_1_8: 0.0802, loss_voxel_geo_scal_c_1_8: 0.0196, loss_voxel_lovasz_c_1_8: 0.0294, loss: 5.8025, grad_norm: 4.8762
2026-01-03 00:07:34,799 - mmdet - INFO - Iter [1300/13920]	lr: 1.000e-04, eta: 20:23:43, time: 5.904, data_time: 0.873, memory: 27610, loss_depth: 1.0972, loss_voxel_ce_c_1_1: 0.3071, loss_voxel_sem_scal_c_1_1: 1.2923, loss_voxel_geo_scal_c_1_1: 0.7073, loss_voxel_lovasz_c_1_1: 0.5089, loss_voxel_ce_c_1_2: 0.1844, loss_voxel_sem_scal_c_1_2: 0.5789, loss_voxel_geo_scal_c_1_2: 0.2735, loss_voxel_lovasz_c_1_2: 0.2343, loss_voxel_ce_c_1_4: 0.0903, loss_voxel_sem_scal_c_1_4: 0.2447, loss_voxel_geo_scal_c_1_4: 0.0964, loss_voxel_lovasz_c_1_4: 0.1010, loss_voxel_ce_c_1_8: 0.0233, loss_voxel_sem_scal_c_1_8: 0.0916, loss_voxel_geo_scal_c_1_8: 0.0183, loss_voxel_lovasz_c_1_8: 0.0307, loss: 5.8802, grad_norm: 5.0819
2026-01-03 00:12:29,903 - mmdet - INFO - Iter [1350/13920]	lr: 1.000e-04, eta: 20:19:31, time: 5.902, data_time: 0.849, memory: 27610, loss_depth: 1.0783, loss_voxel_ce_c_1_1: 0.2912, loss_voxel_sem_scal_c_1_1: 1.1745, loss_voxel_geo_scal_c_1_1: 0.6794, loss_voxel_lovasz_c_1_1: 0.4923, loss_voxel_ce_c_1_2: 0.1747, loss_voxel_sem_scal_c_1_2: 0.5188, loss_voxel_geo_scal_c_1_2: 0.2617, loss_voxel_lovasz_c_1_2: 0.2250, loss_voxel_ce_c_1_4: 0.0850, loss_voxel_sem_scal_c_1_4: 0.2127, loss_voxel_geo_scal_c_1_4: 0.0917, loss_voxel_lovasz_c_1_4: 0.0943, loss_voxel_ce_c_1_8: 0.0207, loss_voxel_sem_scal_c_1_8: 0.0800, loss_voxel_geo_scal_c_1_8: 0.0159, loss_voxel_lovasz_c_1_8: 0.0292, loss: 5.5253, grad_norm: 4.9489
2026-01-03 00:16:33,524 - mmdet - INFO - Saving checkpoint at 1392 iterations
2026-01-03 00:16:41,786 - mmdet - INFO - Saving ema checkpoint at /home/yanglei/STCOcc/work_dirs/stcocc_r50_704x256_16f_occ3d_36e_v1/iter_1392_ema.pth
2026-01-03 00:17:23,131 - mmdet - INFO - Iter [1400/13920]	lr: 1.000e-04, eta: 20:14:59, time: 5.864, data_time: 0.875, memory: 27610, loss_depth: 1.0757, loss_voxel_ce_c_1_1: 0.2840, loss_voxel_sem_scal_c_1_1: 1.1669, loss_voxel_geo_scal_c_1_1: 0.6564, loss_voxel_lovasz_c_1_1: 0.4835, loss_voxel_ce_c_1_2: 0.1693, loss_voxel_sem_scal_c_1_2: 0.5176, loss_voxel_geo_scal_c_1_2: 0.2540, loss_voxel_lovasz_c_1_2: 0.2199, loss_voxel_ce_c_1_4: 0.0819, loss_voxel_sem_scal_c_1_4: 0.2115, loss_voxel_geo_scal_c_1_4: 0.0876, loss_voxel_lovasz_c_1_4: 0.0916, loss_voxel_ce_c_1_8: 0.0182, loss_voxel_sem_scal_c_1_8: 0.0759, loss_voxel_geo_scal_c_1_8: 0.0138, loss_voxel_lovasz_c_1_8: 0.0268, loss: 5.4344, grad_norm: 4.3520
2026-01-03 00:22:18,771 - mmdet - INFO - Iter [1450/13920]	lr: 1.000e-04, eta: 20:10:47, time: 5.913, data_time: 0.860, memory: 27610, loss_depth: 1.0813, loss_voxel_ce_c_1_1: 0.2845, loss_voxel_sem_scal_c_1_1: 1.1143, loss_voxel_geo_scal_c_1_1: 0.6486, loss_voxel_lovasz_c_1_1: 0.4765, loss_voxel_ce_c_1_2: 0.1673, loss_voxel_sem_scal_c_1_2: 0.4924, loss_voxel_geo_scal_c_1_2: 0.2487, loss_voxel_lovasz_c_1_2: 0.2170, loss_voxel_ce_c_1_4: 0.0794, loss_voxel_sem_scal_c_1_4: 0.1999, loss_voxel_geo_scal_c_1_4: 0.0841, loss_voxel_lovasz_c_1_4: 0.0892, loss_voxel_ce_c_1_8: 0.0170, loss_voxel_sem_scal_c_1_8: 0.0794, loss_voxel_geo_scal_c_1_8: 0.0124, loss_voxel_lovasz_c_1_8: 0.0280, loss: 5.3200, grad_norm: 4.6835
2026-01-03 00:27:11,365 - mmdet - INFO - Iter [1500/13920]	lr: 1.000e-04, eta: 20:06:06, time: 5.852, data_time: 0.877, memory: 27610, loss_depth: 1.0723, loss_voxel_ce_c_1_1: 0.2770, loss_voxel_sem_scal_c_1_1: 1.1224, loss_voxel_geo_scal_c_1_1: 0.6286, loss_voxel_lovasz_c_1_1: 0.4737, loss_voxel_ce_c_1_2: 0.1619, loss_voxel_sem_scal_c_1_2: 0.5030, loss_voxel_geo_scal_c_1_2: 0.2414, loss_voxel_lovasz_c_1_2: 0.2160, loss_voxel_ce_c_1_4: 0.0757, loss_voxel_sem_scal_c_1_4: 0.2013, loss_voxel_geo_scal_c_1_4: 0.0808, loss_voxel_lovasz_c_1_4: 0.0884, loss_voxel_ce_c_1_8: 0.0147, loss_voxel_sem_scal_c_1_8: 0.0613, loss_voxel_geo_scal_c_1_8: 0.0106, loss_voxel_lovasz_c_1_8: 0.0240, loss: 5.2531, grad_norm: 4.9703
2026-01-03 00:32:05,909 - mmdet - INFO - Iter [1550/13920]	lr: 1.000e-04, eta: 20:01:41, time: 5.891, data_time: 0.890, memory: 27610, loss_depth: 1.0463, loss_voxel_ce_c_1_1: 0.2700, loss_voxel_sem_scal_c_1_1: 1.1139, loss_voxel_geo_scal_c_1_1: 0.6203, loss_voxel_lovasz_c_1_1: 0.4694, loss_voxel_ce_c_1_2: 0.1626, loss_voxel_sem_scal_c_1_2: 0.4968, loss_voxel_geo_scal_c_1_2: 0.2397, loss_voxel_lovasz_c_1_2: 0.2134, loss_voxel_ce_c_1_4: 0.0754, loss_voxel_sem_scal_c_1_4: 0.2001, loss_voxel_geo_scal_c_1_4: 0.0795, loss_voxel_lovasz_c_1_4: 0.0870, loss_voxel_ce_c_1_8: 0.0157, loss_voxel_sem_scal_c_1_8: 0.0818, loss_voxel_geo_scal_c_1_8: 0.0104, loss_voxel_lovasz_c_1_8: 0.0271, loss: 5.2092, grad_norm: 3.8671
2026-01-03 00:37:00,951 - mmdet - INFO - Iter [1600/13920]	lr: 1.000e-04, eta: 19:57:17, time: 5.901, data_time: 0.832, memory: 27610, loss_depth: 1.0360, loss_voxel_ce_c_1_1: 0.2690, loss_voxel_sem_scal_c_1_1: 1.1688, loss_voxel_geo_scal_c_1_1: 0.6111, loss_voxel_lovasz_c_1_1: 0.4639, loss_voxel_ce_c_1_2: 0.1590, loss_voxel_sem_scal_c_1_2: 0.5202, loss_voxel_geo_scal_c_1_2: 0.2348, loss_voxel_lovasz_c_1_2: 0.2112, loss_voxel_ce_c_1_4: 0.0724, loss_voxel_sem_scal_c_1_4: 0.2110, loss_voxel_geo_scal_c_1_4: 0.0771, loss_voxel_lovasz_c_1_4: 0.0856, loss_voxel_ce_c_1_8: 0.0136, loss_voxel_sem_scal_c_1_8: 0.0595, loss_voxel_geo_scal_c_1_8: 0.0093, loss_voxel_lovasz_c_1_8: 0.0226, loss: 5.2250, grad_norm: 4.3625
2026-01-03 00:41:53,308 - mmdet - INFO - Iter [1650/13920]	lr: 1.000e-04, eta: 19:52:31, time: 5.847, data_time: 0.898, memory: 27610, loss_depth: 1.0203, loss_voxel_ce_c_1_1: 0.2604, loss_voxel_sem_scal_c_1_1: 0.9910, loss_voxel_geo_scal_c_1_1: 0.5935, loss_voxel_lovasz_c_1_1: 0.4530, loss_voxel_ce_c_1_2: 0.1521, loss_voxel_sem_scal_c_1_2: 0.4364, loss_voxel_geo_scal_c_1_2: 0.2257, loss_voxel_lovasz_c_1_2: 0.2053, loss_voxel_ce_c_1_4: 0.0675, loss_voxel_sem_scal_c_1_4: 0.1710, loss_voxel_geo_scal_c_1_4: 0.0719, loss_voxel_lovasz_c_1_4: 0.0818, loss_voxel_ce_c_1_8: 0.0107, loss_voxel_sem_scal_c_1_8: 0.0565, loss_voxel_geo_scal_c_1_8: 0.0074, loss_voxel_lovasz_c_1_8: 0.0217, loss: 4.8263, grad_norm: 4.0199
2026-01-03 00:46:43,939 - mmdet - INFO - Iter [1700/13920]	lr: 1.000e-04, eta: 19:47:33, time: 5.813, data_time: 0.853, memory: 27610, loss_depth: 1.0193, loss_voxel_ce_c_1_1: 0.2608, loss_voxel_sem_scal_c_1_1: 1.0401, loss_voxel_geo_scal_c_1_1: 0.5871, loss_voxel_lovasz_c_1_1: 0.4653, loss_voxel_ce_c_1_2: 0.1543, loss_voxel_sem_scal_c_1_2: 0.4629, loss_voxel_geo_scal_c_1_2: 0.2251, loss_voxel_lovasz_c_1_2: 0.2110, loss_voxel_ce_c_1_4: 0.0693, loss_voxel_sem_scal_c_1_4: 0.1871, loss_voxel_geo_scal_c_1_4: 0.0714, loss_voxel_lovasz_c_1_4: 0.0855, loss_voxel_ce_c_1_8: 0.0133, loss_voxel_sem_scal_c_1_8: 0.0788, loss_voxel_geo_scal_c_1_8: 0.0077, loss_voxel_lovasz_c_1_8: 0.0264, loss: 4.9654, grad_norm: 4.0185
2026-01-03 00:51:34,789 - mmdet - INFO - Iter [1750/13920]	lr: 1.000e-04, eta: 19:42:37, time: 5.817, data_time: 0.841, memory: 27610, loss_depth: 1.0072, loss_voxel_ce_c_1_1: 0.2621, loss_voxel_sem_scal_c_1_1: 1.0183, loss_voxel_geo_scal_c_1_1: 0.5882, loss_voxel_lovasz_c_1_1: 0.4551, loss_voxel_ce_c_1_2: 0.1520, loss_voxel_sem_scal_c_1_2: 0.4454, loss_voxel_geo_scal_c_1_2: 0.2233, loss_voxel_lovasz_c_1_2: 0.2048, loss_voxel_ce_c_1_4: 0.0674, loss_voxel_sem_scal_c_1_4: 0.1776, loss_voxel_geo_scal_c_1_4: 0.0699, loss_voxel_lovasz_c_1_4: 0.0821, loss_voxel_ce_c_1_8: 0.0127, loss_voxel_sem_scal_c_1_8: 0.0661, loss_voxel_geo_scal_c_1_8: 0.0075, loss_voxel_lovasz_c_1_8: 0.0242, loss: 4.8638, grad_norm: 5.2037
2026-01-03 00:56:25,114 - mmdet - INFO - Iter [1800/13920]	lr: 1.000e-04, eta: 19:37:37, time: 5.806, data_time: 0.864, memory: 27610, loss_depth: 1.0098, loss_voxel_ce_c_1_1: 0.2535, loss_voxel_sem_scal_c_1_1: 0.9775, loss_voxel_geo_scal_c_1_1: 0.5689, loss_voxel_lovasz_c_1_1: 0.4482, loss_voxel_ce_c_1_2: 0.1475, loss_voxel_sem_scal_c_1_2: 0.4279, loss_voxel_geo_scal_c_1_2: 0.2161, loss_voxel_lovasz_c_1_2: 0.2022, loss_voxel_ce_c_1_4: 0.0635, loss_voxel_sem_scal_c_1_4: 0.1731, loss_voxel_geo_scal_c_1_4: 0.0665, loss_voxel_lovasz_c_1_4: 0.0811, loss_voxel_ce_c_1_8: 0.0105, loss_voxel_sem_scal_c_1_8: 0.0653, loss_voxel_geo_scal_c_1_8: 0.0067, loss_voxel_lovasz_c_1_8: 0.0233, loss: 4.7414, grad_norm: 4.2131
2026-01-03 01:01:19,760 - mmdet - INFO - Iter [1850/13920]	lr: 1.000e-04, eta: 19:33:06, time: 5.893, data_time: 0.853, memory: 27610, loss_depth: 0.9881, loss_voxel_ce_c_1_1: 0.2530, loss_voxel_sem_scal_c_1_1: 1.1328, loss_voxel_geo_scal_c_1_1: 0.5710, loss_voxel_lovasz_c_1_1: 0.4526, loss_voxel_ce_c_1_2: 0.1483, loss_voxel_sem_scal_c_1_2: 0.5059, loss_voxel_geo_scal_c_1_2: 0.2168, loss_voxel_lovasz_c_1_2: 0.2033, loss_voxel_ce_c_1_4: 0.0635, loss_voxel_sem_scal_c_1_4: 0.2085, loss_voxel_geo_scal_c_1_4: 0.0666, loss_voxel_lovasz_c_1_4: 0.0815, loss_voxel_ce_c_1_8: 0.0107, loss_voxel_sem_scal_c_1_8: 0.0640, loss_voxel_geo_scal_c_1_8: 0.0067, loss_voxel_lovasz_c_1_8: 0.0218, loss: 4.9952, grad_norm: 3.8544
2026-01-03 01:06:09,486 - mmdet - INFO - Iter [1900/13920]	lr: 1.000e-04, eta: 19:28:03, time: 5.795, data_time: 0.876, memory: 27610, loss_depth: 1.0037, loss_voxel_ce_c_1_1: 0.2531, loss_voxel_sem_scal_c_1_1: 1.0265, loss_voxel_geo_scal_c_1_1: 0.5633, loss_voxel_lovasz_c_1_1: 0.4444, loss_voxel_ce_c_1_2: 0.1458, loss_voxel_sem_scal_c_1_2: 0.4482, loss_voxel_geo_scal_c_1_2: 0.2132, loss_voxel_lovasz_c_1_2: 0.1974, loss_voxel_ce_c_1_4: 0.0611, loss_voxel_sem_scal_c_1_4: 0.1673, loss_voxel_geo_scal_c_1_4: 0.0639, loss_voxel_lovasz_c_1_4: 0.0755, loss_voxel_ce_c_1_8: 0.0106, loss_voxel_sem_scal_c_1_8: 0.0546, loss_voxel_geo_scal_c_1_8: 0.0058, loss_voxel_lovasz_c_1_8: 0.0212, loss: 4.7554, grad_norm: 4.2655
2026-01-03 01:11:03,931 - mmdet - INFO - Iter [1950/13920]	lr: 1.000e-04, eta: 19:23:29, time: 5.889, data_time: 0.871, memory: 27610, loss_depth: 0.9676, loss_voxel_ce_c_1_1: 0.2551, loss_voxel_sem_scal_c_1_1: 1.0785, loss_voxel_geo_scal_c_1_1: 0.5661, loss_voxel_lovasz_c_1_1: 0.4472, loss_voxel_ce_c_1_2: 0.1454, loss_voxel_sem_scal_c_1_2: 0.4732, loss_voxel_geo_scal_c_1_2: 0.2120, loss_voxel_lovasz_c_1_2: 0.2007, loss_voxel_ce_c_1_4: 0.0602, loss_voxel_sem_scal_c_1_4: 0.1818, loss_voxel_geo_scal_c_1_4: 0.0629, loss_voxel_lovasz_c_1_4: 0.0772, loss_voxel_ce_c_1_8: 0.0105, loss_voxel_sem_scal_c_1_8: 0.0613, loss_voxel_geo_scal_c_1_8: 0.0059, loss_voxel_lovasz_c_1_8: 0.0221, loss: 4.8280, grad_norm: 6.1430
2026-01-03 01:15:57,705 - mmdet - INFO - Exp name: stcocc_r50_704x256_16f_occ3d_36e_v1.py
2026-01-03 01:15:57,705 - mmdet - INFO - Iter [2000/13920]	lr: 1.000e-04, eta: 19:18:51, time: 5.875, data_time: 0.849, memory: 27610, loss_depth: 0.9721, loss_voxel_ce_c_1_1: 0.2428, loss_voxel_sem_scal_c_1_1: 0.9449, loss_voxel_geo_scal_c_1_1: 0.5476, loss_voxel_lovasz_c_1_1: 0.4299, loss_voxel_ce_c_1_2: 0.1401, loss_voxel_sem_scal_c_1_2: 0.4055, loss_voxel_geo_scal_c_1_2: 0.2051, loss_voxel_lovasz_c_1_2: 0.1906, loss_voxel_ce_c_1_4: 0.0562, loss_voxel_sem_scal_c_1_4: 0.1527, loss_voxel_geo_scal_c_1_4: 0.0593, loss_voxel_lovasz_c_1_4: 0.0723, loss_voxel_ce_c_1_8: 0.0090, loss_voxel_sem_scal_c_1_8: 0.0594, loss_voxel_geo_scal_c_1_8: 0.0052, loss_voxel_lovasz_c_1_8: 0.0207, loss: 4.5134, grad_norm: 3.6293
2026-01-03 01:20:48,529 - mmdet - INFO - Iter [2050/13920]	lr: 1.000e-04, eta: 19:13:54, time: 5.816, data_time: 0.882, memory: 27610, loss_depth: 0.9468, loss_voxel_ce_c_1_1: 0.2404, loss_voxel_sem_scal_c_1_1: 0.9401, loss_voxel_geo_scal_c_1_1: 0.5431, loss_voxel_lovasz_c_1_1: 0.4318, loss_voxel_ce_c_1_2: 0.1397, loss_voxel_sem_scal_c_1_2: 0.4108, loss_voxel_geo_scal_c_1_2: 0.2029, loss_voxel_lovasz_c_1_2: 0.1929, loss_voxel_ce_c_1_4: 0.0547, loss_voxel_sem_scal_c_1_4: 0.1546, loss_voxel_geo_scal_c_1_4: 0.0575, loss_voxel_lovasz_c_1_4: 0.0742, loss_voxel_ce_c_1_8: 0.0083, loss_voxel_sem_scal_c_1_8: 0.0582, loss_voxel_geo_scal_c_1_8: 0.0044, loss_voxel_lovasz_c_1_8: 0.0207, loss: 4.4811, grad_norm: 4.0913
WARNING:torch.distributed.elastic.agent.server.api:Received 1 death signal, shutting down workers
WARNING:torch.distributed.elastic.multiprocessing.api:Sending process 224556 closing signal SIGHUP
WARNING:torch.distributed.elastic.multiprocessing.api:Sending process 224558 closing signal SIGHUP
WARNING:torch.distributed.elastic.multiprocessing.api:Sending process 224556 closing signal SIGTERM
WARNING:torch.distributed.elastic.multiprocessing.api:Sending process 224558 closing signal SIGTERM
WARNING:torch.distributed.elastic.multiprocessing.api:Sending process 224559 closing signal SIGTERM
WARNING:torch.distributed.elastic.multiprocessing.api:Sending process 224560 closing signal SIGTERM
WARNING:torch.distributed.elastic.multiprocessing.api:Sending process 224561 closing signal SIGTERM
WARNING:torch.distributed.elastic.multiprocessing.api:Sending process 224562 closing signal SIGTERM
WARNING:torch.distributed.elastic.multiprocessing.api:Sending process 224563 closing signal SIGTERM
WARNING:torch.distributed.elastic.multiprocessing.api:Sending process 224565 closing signal SIGTERM
Traceback (most recent call last):
  File "/home/yanglei/miniconda3/envs/stcocc/lib/python3.8/site-packages/torch/distributed/elastic/agent/server/api.py", line 709, in run
    result = self._invoke_run(role)
  File "/home/yanglei/miniconda3/envs/stcocc/lib/python3.8/site-packages/torch/distributed/elastic/agent/server/api.py", line 850, in _invoke_run
    time.sleep(monitor_interval)
  File "/home/yanglei/miniconda3/envs/stcocc/lib/python3.8/site-packages/torch/distributed/elastic/multiprocessing/api.py", line 62, in _terminate_process_handler
    raise SignalException(f"Process {os.getpid()} got signal: {sigval}", sigval=sigval)
torch.distributed.elastic.multiprocessing.api.SignalException: Process 224487 got signal: 1

During handling of the above exception, another exception occurred:

Traceback (most recent call last):
  File "/home/yanglei/miniconda3/envs/stcocc/lib/python3.8/runpy.py", line 194, in _run_module_as_main
    return _run_code(code, main_globals, None,
  File "/home/yanglei/miniconda3/envs/stcocc/lib/python3.8/runpy.py", line 87, in _run_code
    exec(code, run_globals)
  File "/home/yanglei/miniconda3/envs/stcocc/lib/python3.8/site-packages/torch/distributed/launch.py", line 195, in <module>
    main()
  File "/home/yanglei/miniconda3/envs/stcocc/lib/python3.8/site-packages/torch/distributed/launch.py", line 191, in main
    launch(args)
  File "/home/yanglei/miniconda3/envs/stcocc/lib/python3.8/site-packages/torch/distributed/launch.py", line 176, in launch
    run(args)
  File "/home/yanglei/miniconda3/envs/stcocc/lib/python3.8/site-packages/torch/distributed/run.py", line 753, in run
    elastic_launch(
  File "/home/yanglei/miniconda3/envs/stcocc/lib/python3.8/site-packages/torch/distributed/launcher/api.py", line 132, in __call__
    return launch_agent(self._config, self._entrypoint, list(args))
  File "/home/yanglei/miniconda3/envs/stcocc/lib/python3.8/site-packages/torch/distributed/launcher/api.py", line 237, in launch_agent
    result = agent.run()
  File "/home/yanglei/miniconda3/envs/stcocc/lib/python3.8/site-packages/torch/distributed/elastic/metrics/api.py", line 129, in wrapper
    result = f(*args, **kwargs)
  File "/home/yanglei/miniconda3/envs/stcocc/lib/python3.8/site-packages/torch/distributed/elastic/agent/server/api.py", line 716, in run
    self._shutdown(e.sigval)
  File "/home/yanglei/miniconda3/envs/stcocc/lib/python3.8/site-packages/torch/distributed/elastic/agent/server/local_elastic_agent.py", line 289, in _shutdown
    self._pcontext.close(death_sig)
  File "/home/yanglei/miniconda3/envs/stcocc/lib/python3.8/site-packages/torch/distributed/elastic/multiprocessing/api.py", line 332, in close
    self._close(death_sig=death_sig, timeout=timeout)
  File "/home/yanglei/miniconda3/envs/stcocc/lib/python3.8/site-packages/torch/distributed/elastic/multiprocessing/api.py", line 702, in _close
    handler.close(death_sig=death_sig)
  File "/home/yanglei/miniconda3/envs/stcocc/lib/python3.8/site-packages/torch/distributed/elastic/multiprocessing/api.py", line 588, in close
    self.proc.send_signal(death_sig)
  File "/home/yanglei/miniconda3/envs/stcocc/lib/python3.8/subprocess.py", line 1949, in send_signal
    os.kill(self.pid, sig)
  File "/home/yanglei/miniconda3/envs/stcocc/lib/python3.8/site-packages/torch/distributed/elastic/multiprocessing/api.py", line 62, in _terminate_process_handler
    raise SignalException(f"Process {os.getpid()} got signal: {sigval}", sigval=sigval)
torch.distributed.elastic.multiprocessing.api.SignalException: Process 224487 got signal: 1
